Workbook
Name Slicer_Agent: #N/A
Name Slicer_Date__Month: #N/A

Sheet Instructions
B2: NovaTech Electronics — Customer Satisfaction KPI Training File
B3: A practice dataset for learning the 6 core Customer Satisfaction KPIs
B5: About this file
B6: This workbook contains realistic (but fictional) data for NovaTech Electronics, an online consumer electronics retailer. It mimics real customer support and sales operations data so students can practice calculating the customer satisfaction KPIs described in SupportYourApp's guide: Customer Satisfaction Score (CSAT), Net Promoter Score (NPS), Customer Effort Score (CES), Customer Churn Rate, First Contact Resolution (FCR), and Customer Lifetime Value (CLV).
B8: How the workbook is organized
B9: Instructions | C9: This sheet. Overview + KPI formula reference.
B10: Support_Tickets | C10: 480 raw support tickets (Jan–Jun 2026): channel, agent, issue type, first-contact resolution, resolution time, CSAT score (1–5), CES score (1–7).
B11: NPS_Survey | C11: 290 quarterly relationship survey responses (0–10 recommend score) used to calculate NPS.
B12: Customer_Accounts | C12: 260 customer accounts with signup date, segment, purchase history, and churn status — used for Churn Rate and CLV.
B13: KPI_Dashboard | C13: Month-by-month KPI calculations built with formulas (SUMIFS, COUNTIFS, AVERAGEIFS) referencing the raw data sheets.
B14: Student_Exercise | C14: The same dashboard layout with formulas removed — fill in the blank yellow cells yourself.
B16: KPI formula reference (from the source article)
B17: CSAT | C17: (Number of satisfied responses ÷ Total number of responses) × 100 Note: A response counts as 'satisfied' when the CSAT score is 4 or 5 on the 1–5 scale.
B18: NPS | C18: % Promoters − % Detractors Note: Promoters score 9–10, Passives score 7–8, Detractors score 0–6 (0–10 scale).
B19: CES | C19: Sum of responses ÷ Total number of responses (× 100 per the source article) Note: Effort scale used here is 1 (very high effort) to 7 (very low effort).
B20: Churn Rate | C20: (Customers lost during period ÷ Total customers at start of period) × 100 Note: Calculated per calendar month in this file.
B21: FCR | C21: Number of incidents resolved on first contact ÷ Total incidents Note: Shown as a percentage in this file.
B22: CLV | C22: Average purchase value × Number of purchases across the customer journey Note: Calculated per customer, then averaged by segment.
B24: Suggested student exercises
B25: 1. Open KPI_Dashboard and trace each formula back to Support_Tickets, NPS_Survey, or Customer_Accounts.
B26: 2. Open Student_Exercise and rebuild the formulas from scratch in the yellow cells.
B27: 3. Which support channel has the highest FCR? Which has the lowest CSAT? Use a PivotTable on Support_Tickets to find out.
B28: 4. Compare CLV between the Consumer and Small Business segments on Customer_Accounts.
B29: 5. Identify which month had the highest churn rate and propose two reasons why, using the IssueCategory data as a clue.
B30: 6. Build a chart showing CSAT, FCR, and CES trending over the 6 months on KPI_Dashboard.

Sheet Pivots For Quality
C16: Count of CSAT Status | D16: Column Labels | H16: Count of NPS Status | I16: Column Labels | M16: Count of CES Status | N16: Column Labels | R16: ChurnDate(month) | S16: Count of CustomerID | U16: SignupDate | V16: Count of CustomerID | X16: Count of CustomerID | Y16: Column Labels
C17: Row Labels | D17: Satisfied | E17: Unsatisfied | F17: Grand Total | H17: Row Labels | I17: Detractors | J17: Promoters | K17: Grand Total | M17: Row Labels | N17: High Effort | O17: Low Effort | P17: Grand Total | R17: Jan | S17: 3 | U17: Jan | V17: 26 | X17: SignupDate | Y17: Active | Z17: Churned | AA17: Grand Total
C18: Jan | D18: 0.55769231 | E18: 0.44230769 | F18: 1 | H18: Jan | I18: 0.20689655 | J18: 0.79310345 | K18: 1 | M18: Jan | N18: 0.41176471 | O18: 0.58823529 | P18: 1 | R18: Feb | S18: 6 | U18: Feb | V18: 9 | X18: 2024
C19: Feb | D19: 0.55 | E19: 0.45 | F19: 1 | H19: Feb | I19: 0.22580645 | J19: 0.77419355 | K19: 1 | M19: Feb | N19: 0.3902439 | O19: 0.6097561 | P19: 1 | R19: Mar | S19: 7 | U19: Mar | V19: 27 | X19: Jan | Y19: 8 | Z19: 3 | AA19: 11
C20: Mar | D20: 0.64473684 | E20: 0.35526316 | F20: 1 | H20: Mar | I20: 0.38888889 | J20: 0.61111111 | K20: 1 | M20: Mar | N20: 0.34782609 | O20: 0.65217391 | P20: 1 | R20: Apr | S20: 11 | U20: Apr | V20: 34 | X20: Feb | Y20: 6 | AA20: 6
C21: Apr | D21: 0.734375 | E21: 0.265625 | F21: 1 | H21: Apr | I21: 0.28571429 | J21: 0.71428571 | K21: 1 | M21: Apr | N21: 0.29411765 | O21: 0.70588235 | P21: 1 | R21: May | S21: 4 | U21: May | V21: 17 | X21: Mar | Y21: 8 | Z21: 2 | AA21: 10
C22: May | D22: 0.65333333 | E22: 0.34666667 | F22: 1 | H22: May | I22: 0.45714286 | J22: 0.54285714 | K22: 1 | M22: May | N22: 0.39583333 | O22: 0.60416667 | P22: 1 | R22: Jun | S22: 8 | U22: Jun | V22: 25 | X22: Apr | Y22: 11 | Z22: 3 | AA22: 14
C23: Jun | D23: 0.57971014 | E23: 0.42028986 | F23: 1 | H23: Jun | I23: 0.35135135 | J23: 0.64864865 | K23: 1 | M23: Jun | N23: 0.36585366 | O23: 0.63414634 | P23: 1 | R23: Grand Total | S23: 39 | U23: Jul | V23: 22 | X23: May | Y23: 9 | AA23: 9
C24: Grand Total | D24: 0.62373737 | E24: 0.37626263 | F24: 1 | H24: Grand Total | I24: 0.32653061 | J24: 0.67346939 | K24: 1 | M24: Grand Total | N24: 0.36885246 | O24: 0.63114754 | P24: 1 | U24: Aug | V24: 17 | X24: Jun | Y24: 8 | Z24: 2 | AA24: 10
U25: Sep | V25: 23 | X25: Jul | Y25: 9 | Z25: 1 | AA25: 10
R26: Row Labels | S26: Count of CustomerID | U26: Oct | V26: 19 | X26: Aug | Y26: 9 | Z26: 2 | AA26: 11
C27: Count of FCR (First Contact Resolution) | D27: Column Labels | H27: Month | I27: CSAT (Satisfied%) | J27: NPS (Promoters%) | K27: CES (Low Effort%) | R27: Active | S27: 221 | U27: Nov | V27: 24 | X27: Sep | Y27: 7 | AA27: 7
C28: Row Labels | D28: No | E28: Yes | F28: Grand Total | H28: Jan | I28: =D18 -> 0.55769231 | J28: =J18 -> 0.79310345 | K28: =O18 -> 0.58823529 | R28: Churned | S28: 39 | U28: Dec | V28: 17 | X28: Oct | Y28: 13 | Z28: 2 | AA28: 15
C29: Jan | D29: 0.27692308 | E29: 0.72307692 | F29: 1 | H29: Feb | I29: =D19 -> 0.55 | J29: =J19 -> 0.77419355 | K29: =O19 -> 0.6097561 | R29: Grand Total | S29: 260 | U29: Grand Total | V29: 260 | X29: Nov | Y29: 8 | Z29: 3 | AA29: 11
C30: Feb | D30: 0.32467532 | E30: 0.67532468 | F30: 1 | H30: Mar | I30: =D20 -> 0.64473684 | J30: =J20 -> 0.61111111 | K30: =O20 -> 0.65217391 | X30: Dec | Y30: 16 | Z30: 1 | AA30: 17
C31: Mar | D31: 0.29473684 | E31: 0.70526316 | F31: 1 | H31: Apr | I31: =D21 -> 0.734375 | J31: =J21 -> 0.71428571 | K31: =O21 -> 0.70588235 | X31: 2025
C32: Apr | D32: 0.19736842 | E32: 0.80263158 | F32: 1 | H32: May | I32: =D22 -> 0.65333333 | J32: =J22 -> 0.54285714 | K32: =O22 -> 0.60416667 | X32: Jan | Y32: 13 | Z32: 2 | AA32: 15
C33: May | D33: 0.2247191 | E33: 0.7752809 | F33: 1 | H33: Jun | I33: =D23 -> 0.57971014 | J33: =J23 -> 0.64864865 | K33: =O23 -> 0.63414634 | R33: Month | S33: Current Customers | T33: Churned | U33: Churn Rate | X33: Feb | Y33: 3 | AA33: 3
C34: Jun | D34: 0.28205128 | E34: 0.71794872 | F34: 1 | R34: =R17 -> Jan | S34: 26 | T34: =S17 -> 3 | U34: =T34/S34 -> 0.11538462 | X34: Mar | Y34: 15 | Z34: 2 | AA34: 17 | AC34: Row Labels | AD34: Average of Churn Rate
C35: Grand Total | D35: 0.26666667 | E35: 0.73333333 | F35: 1 | R35: =R18 -> Feb | S35: =(V18+(S34-T34)) -> 32 | T35: =S18 -> 6 | U35: =T35/S35 -> 0.1875 | X35: Apr | Y35: 17 | Z35: 3 | AA35: 20 | AC35: Jan | AD35: 1.15
H36: Month | I36: CSAT (Satisfied%) | J36: NPS (Promoters%) | K36: CES (Low Effort%) | R36: =R19 -> Mar | S36: =(V19+(S35-T35)) -> 53 | T36: =S19 -> 7 | U36: =T36/S36 -> 0.13207547 | X36: May | Y36: 6 | Z36: 2 | AA36: 8 | AC36: Feb | AD36: 2.33
C37: Month | D37: FCR Rate | H37: Apr | I37: 0.734375 | J37: 0.71428571 | K37: =K31 -> 0.70588235 | R37: =R20 -> Apr | S37: =(V20+(S36-T36)) -> 80 | T37: =S20 -> 11 | U37: =T37/S37 -> 0.1375 | X37: Jun | Y37: 11 | Z37: 4 | AA37: 15 | AC37: Mar | AD37: 2.79
C38: =C29 -> Jan | D38: =E29 -> 0.72307692 | R38: =R21 -> May | S38: =(V21+(S37-T37)) -> 86 | T38: =S21 -> 4 | U38: =T38/S38 -> 0.046511628 | X38: Jul | Y38: 11 | Z38: 1 | AA38: 12 | AC38: Apr | AD38: 4.51
C39: =C30 -> Feb | D39: =E30 -> 0.67532468 | H39: Month | I39: CSAT (Satisfied%) | J39: NPS (Promoters%) | K39: CES (Low Effort%) | R39: =R22 -> Jun | S39: =(V22+(S38-T38)) -> 107 | T39: =S22 -> 8 | U39: =T39/S39 -> 0.074766355 | X39: Aug | Y39: 6 | AA39: 6 | AC39: May | AD39: 1.72
C40: =C31 -> Mar | D40: =E31 -> 0.70526316 | H40: Jun | I40: 0.57971014 | J40: 0.64864865 | K40: =K33 -> 0.63414634 | X40: Sep | Y40: 15 | Z40: 1 | AA40: 16 | AC40: Jun | AD40: 3.49
C41: =C32 -> Apr | D41: =E32 -> 0.80263158 | X41: Oct | Y41: 3 | Z41: 1 | AA41: 4 | AC41: Grand Total | AD41: 2.665
C42: =C33 -> May | D42: =E33 -> 0.7752809 | R42: Month | S42: Churn Rate | T42: High Effort | X42: Nov | Y42: 9 | Z42: 4 | AA42: 13
C43: =C34 -> Jun | D43: =E34 -> 0.71794872 | R43: =R34 -> Jan | S43: =ROUND(COUNTIFS(Customer_Accounts!$J$2:$J$261,">="&DATE(2026,1,1),Customer_Accounts!$J$2:$J$261,"<"&DATE(2026,1+1,1))/(COUNTIFS(Customer_Accounts!$C$2:$C$261,"<"&DATE(2026,1,1),Customer_Accounts!$J$2:$J$261,">="&DATE(2026,1,1))+COUNTIFS(Customer_Accounts!$C$2:$C$261,"<"&DATE(2026,1,1),Customer_Accounts!$J$2:$J$261,""))*100,2) -> 1.15 | T43: =N18 -> 0.41176471 | X43: Grand Total | Y43: 221 | Z43: 39 | AA43: 260
R44: =R35 -> Feb | S44: =ROUND(COUNTIFS(Customer_Accounts!$J$2:$J$261,">="&DATE(2026,2,1),Customer_Accounts!$J$2:$J$261,"<"&DATE(2026,2+1,1))/(COUNTIFS(Customer_Accounts!$C$2:$C$261,"<"&DATE(2026,2,1),Customer_Accounts!$J$2:$J$261,">="&DATE(2026,2,1))+COUNTIFS(Customer_Accounts!$C$2:$C$261,"<"&DATE(2026,2,1),Customer_Accounts!$J$2:$J$261,""))*100,2) -> 2.33 | T44: =N19 -> 0.3902439
R45: =R36 -> Mar | S45: =ROUND(COUNTIFS(Customer_Accounts!$J$2:$J$261,">="&DATE(2026,3,1),Customer_Accounts!$J$2:$J$261,"<"&DATE(2026,3+1,1))/(COUNTIFS(Customer_Accounts!$C$2:$C$261,"<"&DATE(2026,3,1),Customer_Accounts!$J$2:$J$261,">="&DATE(2026,3,1))+COUNTIFS(Customer_Accounts!$C$2:$C$261,"<"&DATE(2026,3,1),Customer_Accounts!$J$2:$J$261,""))*100,2) -> 2.79 | T45: =N20 -> 0.34782609 | W45: Count of Status | X45: Column Labels
C46: Row Labels | D46: Count of NPS Status | F46: Row Labels | G46: Count of FCR (First Contact Resolution) | I46: Row Labels | J46: Count of CSAT Status | L46: Row Labels | M46: Count of CES Status | O46: Average of TotalRevenue | R46: =R37 -> Apr | S46: =ROUND(COUNTIFS(Customer_Accounts!$J$2:$J$261,">="&DATE(2026,4,1),Customer_Accounts!$J$2:$J$261,"<"&DATE(2026,4+1,1))/(COUNTIFS(Customer_Accounts!$C$2:$C$261,"<"&DATE(2026,4,1),Customer_Accounts!$J$2:$J$261,">="&DATE(2026,4,1))+COUNTIFS(Customer_Accounts!$C$2:$C$261,"<"&DATE(2026,4,1),Customer_Accounts!$J$2:$J$261,""))*100,2) -> 4.51 | T46: =N21 -> 0.29411765 | W46: Row Labels | X46: Active | Y46: Churned | Z46: Grand Total
C47: Detractors | D47: 0.22068966 | F47: No | G47: 0.26666667 | I47: Satisfied | J47: 0.62373737 | L47: High Effort | M47: 0.36885246 | O47: 4060.3158 | R47: =R38 -> May | S47: =ROUND(COUNTIFS(Customer_Accounts!$J$2:$J$261,">="&DATE(2026,5,1),Customer_Accounts!$J$2:$J$261,"<"&DATE(2026,5+1,1))/(COUNTIFS(Customer_Accounts!$C$2:$C$261,"<"&DATE(2026,5,1),Customer_Accounts!$J$2:$J$261,">="&DATE(2026,5,1))+COUNTIFS(Customer_Accounts!$C$2:$C$261,"<"&DATE(2026,5,1),Customer_Accounts!$J$2:$J$261,""))*100,2) -> 1.72 | T47: =N22 -> 0.39583333 | W47: Asia Pacific | X47: 0.88571429 | Y47: 0.11428571 | Z47: 1
C48: Passive | D48: 0.32413793 | F48: Yes | G48: 0.73333333 | I48: Unsatisfied | J48: 0.37626263 | L48: Low Effort | M48: 0.63114754 | R48: =R39 -> Jun | S48: =ROUND(COUNTIFS(Customer_Accounts!$J$2:$J$261,">="&DATE(2026,6,1),Customer_Accounts!$J$2:$J$261,"<"&DATE(2026,6+1,1))/(COUNTIFS(Customer_Accounts!$C$2:$C$261,"<"&DATE(2026,6,1),Customer_Accounts!$J$2:$J$261,">="&DATE(2026,6,1))+COUNTIFS(Customer_Accounts!$C$2:$C$261,"<"&DATE(2026,6,1),Customer_Accounts!$J$2:$J$261,""))*100,2) -> 3.49 | T48: =N23 -> 0.36585366 | W48: Europe | X48: 0.81538462 | Y48: 0.18461538 | Z48: 1
C49: Promoters | D49: 0.45517241 | F49: Grand Total | G49: 1 | I49: Grand Total | J49: 1 | L49: Grand Total | M49: 1 | R49: Gand | S49: =AVERAGE(S43:S48) -> 2.665 | T49: =N24 -> 0.36885246 | W49: Latin America | X49: 0.79104478 | Y49: 0.20895522 | Z49: 1
C50: Grand Total | D50: 1 | W50: North America | X50: 0.9137931 | Y50: 0.086206897 | Z50: 1
W51: Grand Total | X51: 0.85 | Y51: 0.15 | Z51: 1
R52: Month | S52: CES | T52: Churn Rate
R53: =R43 -> Jan | T53: =S43 -> 1.15 | W53: Region | X53: Churn Rate
R54: =R44 -> Feb | T54: =S44 -> 2.33 | W54: =W47 -> Asia Pacific | X54: =Y47 -> 0.11428571
R55: =R45 -> Mar | T55: =S45 -> 2.79 | W55: =W48 -> Europe | X55: =Y48 -> 0.18461538
R56: =R46 -> Apr | T56: =S46 -> 4.51 | W56: =W49 -> Latin America | X56: =Y49 -> 0.20895522
R57: =R47 -> May | T57: =S47 -> 1.72 | W57: =W50 -> North America | X57: =Y50 -> 0.086206897
R58: =R48 -> Jun | T58: =S48 -> 3.49

Sheet Quality Dashboard

Sheet Home

Sheet NPS Dashboard

Sheet CSAT Dashboard

Sheet Insights

Sheet NPS_Survey
A1: ResponseID | B1: Date | C1: CustomerID | D1: NPS_Score (0-10) | E1: Quarter | F1: NPS Status
A2: NPS-0049 | B2: 46027 | C2: CUST-1011 | D2: 6 | E2: Q1 2026 | F2: {=_xlfn.IFS(NPSTable[[#This Row],[NPS_Score (0-10)]]>=9,"Promoters",NPSTable[[#This Row],[NPS_Score (0-10)]]<=6,"Detractors", OR(NPSTable[[#This Row],[NPS_Score (0-10)]]=7,NPSTable[[#This Row],[NPS_Score (0-10)]]=8),"Passive")} -> Detractors
A3: NPS-0062 | B3: 46028 | C3: CUST-1236 | D3: 9 | E3: Q1 2026 | F3: {=_xlfn.IFS(NPSTable[[#This Row],[NPS_Score (0-10)]]>=9,"Promoters",NPSTable[[#This Row],[NPS_Score (0-10)]]<=6,"Detractors", OR(NPSTable[[#This Row],[NPS_Score (0-10)]]=7,NPSTable[[#This Row],[NPS_Score (0-10)]]=8),"Passive")} -> Promoters
A4: NPS-0075 | B4: 46028 | C4: CUST-1189 | D4: 10 | E4: Q1 2026 | F4: {=_xlfn.IFS(NPSTable[[#This Row],[NPS_Score (0-10)]]>=9,"Promoters",NPSTable[[#This Row],[NPS_Score (0-10)]]<=6,"Detractors", OR(NPSTable[[#This Row],[NPS_Score (0-10)]]=7,NPSTable[[#This Row],[NPS_Score (0-10)]]=8),"Passive")} -> Promoters
A5: NPS-0020 | B5: 46029 | C5: CUST-1024 | D5: 7 | E5: Q1 2026 | F5: {=_xlfn.IFS(NPSTable[[#This Row],[NPS_Score (0-10)]]>=9,"Promoters",NPSTable[[#This Row],[NPS_Score (0-10)]]<=6,"Detractors", OR(NPSTable[[#This Row],[NPS_Score (0-10)]]=7,NPSTable[[#This Row],[NPS_Score (0-10)]]=8),"Passive")} -> Passive | H5: Row Labels | I5: Count of NPS Status | K5: Row Labels | L5: Count of NPS Status | N5: Count of NPS Status | O5: Column Labels
A6: NPS-0090 | B6: 46030 | C6: CUST-1079 | D6: 10 | E6: Q1 2026 | F6: {=_xlfn.IFS(NPSTable[[#This Row],[NPS_Score (0-10)]]>=9,"Promoters",NPSTable[[#This Row],[NPS_Score (0-10)]]<=6,"Detractors", OR(NPSTable[[#This Row],[NPS_Score (0-10)]]=7,NPSTable[[#This Row],[NPS_Score (0-10)]]=8),"Passive")} -> Promoters | H6: Detractors | I6: 64 | K6: Detractors | L6: 0.22068966 | N6: Row Labels | O6: Detractors | P6: Passive | Q6: Promoters | R6: Grand Total
A7: NPS-0029 | B7: 46032 | C7: CUST-1095 | D7: 9 | E7: Q1 2026 | F7: {=_xlfn.IFS(NPSTable[[#This Row],[NPS_Score (0-10)]]>=9,"Promoters",NPSTable[[#This Row],[NPS_Score (0-10)]]<=6,"Detractors", OR(NPSTable[[#This Row],[NPS_Score (0-10)]]=7,NPSTable[[#This Row],[NPS_Score (0-10)]]=8),"Passive")} -> Promoters | H7: Passive | I7: 94 | K7: Passive | L7: 0.32413793 | N7: Jan | O7: 6 | P7: 16 | Q7: 23 | R7: 45 | S7: =N7 -> Jan | T7: =(Q7-O7)/R7 -> 0.37777778 | V7: Count of NPS Status | W7: Column Labels
A8: NPS-0038 | B8: 46032 | C8: CUST-1212 | D8: 8 | E8: Q1 2026 | F8: {=_xlfn.IFS(NPSTable[[#This Row],[NPS_Score (0-10)]]>=9,"Promoters",NPSTable[[#This Row],[NPS_Score (0-10)]]<=6,"Detractors", OR(NPSTable[[#This Row],[NPS_Score (0-10)]]=7,NPSTable[[#This Row],[NPS_Score (0-10)]]=8),"Passive")} -> Passive | H8: Promoters | I8: 132 | K8: Promoters | L8: 0.45517241 | N8: Feb | O8: 7 | P8: 14 | Q8: 24 | R8: 45 | S8: =N8 -> Feb | T8: =(Q8-O8)/R8 -> 0.37777778 | V8: Row Labels | W8: Detractors | X8: Passive | Y8: Promoters | Z8: Grand Total
A9: NPS-0134 | B9: 46032 | C9: CUST-1037 | D9: 8 | E9: Q1 2026 | F9: {=_xlfn.IFS(NPSTable[[#This Row],[NPS_Score (0-10)]]>=9,"Promoters",NPSTable[[#This Row],[NPS_Score (0-10)]]<=6,"Detractors", OR(NPSTable[[#This Row],[NPS_Score (0-10)]]=7,NPSTable[[#This Row],[NPS_Score (0-10)]]=8),"Passive")} -> Passive | H9: Grand Total | I9: 290 | K9: Grand Total | L9: 1 | N9: Mar | O9: 14 | P9: 14 | Q9: 22 | R9: 50 | S9: =N9 -> Mar | T9: =(Q9-O9)/R9 -> 0.16 | V9: Active | W9: 55 | X9: 84 | Y9: 112 | Z9: 251 | AA9: =V9 -> Active | AB9: =(Y9-W9)/Z9 -> 0.22709163
A10: NPS-0095 | B10: 46034 | C10: CUST-1094 | D10: 10 | E10: Q1 2026 | F10: {=_xlfn.IFS(NPSTable[[#This Row],[NPS_Score (0-10)]]>=9,"Promoters",NPSTable[[#This Row],[NPS_Score (0-10)]]<=6,"Detractors", OR(NPSTable[[#This Row],[NPS_Score (0-10)]]=7,NPSTable[[#This Row],[NPS_Score (0-10)]]=8),"Passive")} -> Promoters | N10: Apr | O10: 8 | P10: 18 | Q10: 20 | R10: 46 | S10: =N10 -> Apr | T10: =(Q10-O10)/R10 -> 0.26086957 | V10: Churned | W10: 9 | X10: 10 | Y10: 20 | Z10: 39 | AA10: =V10 -> Churned | AB10: =(Y10-W10)/Z10 -> 0.28205128
A11: NPS-0113 | B11: 46034 | C11: CUST-1010 | D11: 8 | E11: Q1 2026 | F11: {=_xlfn.IFS(NPSTable[[#This Row],[NPS_Score (0-10)]]>=9,"Promoters",NPSTable[[#This Row],[NPS_Score (0-10)]]<=6,"Detractors", OR(NPSTable[[#This Row],[NPS_Score (0-10)]]=7,NPSTable[[#This Row],[NPS_Score (0-10)]]=8),"Passive")} -> Passive | K11: NPS % | L11: =L8-L6 -> 0.23448276 | N11: May | O11: 16 | P11: 14 | Q11: 19 | R11: 49 | S11: =N11 -> May | T11: =(Q11-O11)/R11 -> 0.06122449 | V11: Grand Total | W11: 64 | X11: 94 | Y11: 132 | Z11: 290
A12: NPS-0024 | B12: 46035 | C12: CUST-1072 | D12: 7 | E12: Q1 2026 | F12: {=_xlfn.IFS(NPSTable[[#This Row],[NPS_Score (0-10)]]>=9,"Promoters",NPSTable[[#This Row],[NPS_Score (0-10)]]<=6,"Detractors", OR(NPSTable[[#This Row],[NPS_Score (0-10)]]=7,NPSTable[[#This Row],[NPS_Score (0-10)]]=8),"Passive")} -> Passive | N12: Jun | O12: 13 | P12: 18 | Q12: 24 | R12: 55 | S12: =N12 -> Jun | T12: =(Q12-O12)/R12 -> 0.2
A13: NPS-0064 | B13: 46037 | C13: CUST-1014 | D13: 7 | E13: Q1 2026 | F13: {=_xlfn.IFS(NPSTable[[#This Row],[NPS_Score (0-10)]]>=9,"Promoters",NPSTable[[#This Row],[NPS_Score (0-10)]]<=6,"Detractors", OR(NPSTable[[#This Row],[NPS_Score (0-10)]]=7,NPSTable[[#This Row],[NPS_Score (0-10)]]=8),"Passive")} -> Passive | N13: Grand Total | O13: 64 | P13: 94 | Q13: 132 | R13: 290
A14: NPS-0014 | B14: 46038 | C14: CUST-1235 | D14: 9 | E14: Q1 2026 | F14: {=_xlfn.IFS(NPSTable[[#This Row],[NPS_Score (0-10)]]>=9,"Promoters",NPSTable[[#This Row],[NPS_Score (0-10)]]<=6,"Detractors", OR(NPSTable[[#This Row],[NPS_Score (0-10)]]=7,NPSTable[[#This Row],[NPS_Score (0-10)]]=8),"Passive")} -> Promoters
A15: NPS-0087 | B15: 46038 | C15: CUST-1076 | D15: 8 | E15: Q1 2026 | F15: {=_xlfn.IFS(NPSTable[[#This Row],[NPS_Score (0-10)]]>=9,"Promoters",NPSTable[[#This Row],[NPS_Score (0-10)]]<=6,"Detractors", OR(NPSTable[[#This Row],[NPS_Score (0-10)]]=7,NPSTable[[#This Row],[NPS_Score (0-10)]]=8),"Passive")} -> Passive | N15: Count of NPS Status | O15: Column Labels
A16: NPS-0017 | B16: 46039 | C16: CUST-1250 | D16: 10 | E16: Q1 2026 | F16: {=_xlfn.IFS(NPSTable[[#This Row],[NPS_Score (0-10)]]>=9,"Promoters",NPSTable[[#This Row],[NPS_Score (0-10)]]<=6,"Detractors", OR(NPSTable[[#This Row],[NPS_Score (0-10)]]=7,NPSTable[[#This Row],[NPS_Score (0-10)]]=8),"Passive")} -> Promoters | N16: Row Labels | O16: Detractors | P16: Passive | Q16: Promoters | R16: Grand Total
A17: NPS-0044 | B17: 46039 | C17: CUST-1068 | D17: 5 | E17: Q1 2026 | F17: {=_xlfn.IFS(NPSTable[[#This Row],[NPS_Score (0-10)]]>=9,"Promoters",NPSTable[[#This Row],[NPS_Score (0-10)]]<=6,"Detractors", OR(NPSTable[[#This Row],[NPS_Score (0-10)]]=7,NPSTable[[#This Row],[NPS_Score (0-10)]]=8),"Passive")} -> Detractors | N17: Q1 2026 | O17: 27 | P17: 44 | Q17: 69 | R17: 140 | S17: =N17 -> Q1 2026 | T17: =(Q17-O17)/R17 -> 0.3
A18: NPS-0033 | B18: 46040 | C18: CUST-1082 | D18: 9 | E18: Q1 2026 | F18: {=_xlfn.IFS(NPSTable[[#This Row],[NPS_Score (0-10)]]>=9,"Promoters",NPSTable[[#This Row],[NPS_Score (0-10)]]<=6,"Detractors", OR(NPSTable[[#This Row],[NPS_Score (0-10)]]=7,NPSTable[[#This Row],[NPS_Score (0-10)]]=8),"Passive")} -> Promoters | N18: Q2 2026 | O18: 37 | P18: 50 | Q18: 63 | R18: 150 | S18: =N18 -> Q2 2026 | T18: =(Q18-O18)/R18 -> 0.17333333
A19: NPS-0037 | B19: 46040 | C19: CUST-1117 | D19: 10 | E19: Q1 2026 | F19: {=_xlfn.IFS(NPSTable[[#This Row],[NPS_Score (0-10)]]>=9,"Promoters",NPSTable[[#This Row],[NPS_Score (0-10)]]<=6,"Detractors", OR(NPSTable[[#This Row],[NPS_Score (0-10)]]=7,NPSTable[[#This Row],[NPS_Score (0-10)]]=8),"Passive")} -> Promoters | N19: Grand Total | O19: 64 | P19: 94 | Q19: 132 | R19: 290
A20: NPS-0025 | B20: 46041 | C20: CUST-1174 | D20: 9 | E20: Q1 2026 | F20: {=_xlfn.IFS(NPSTable[[#This Row],[NPS_Score (0-10)]]>=9,"Promoters",NPSTable[[#This Row],[NPS_Score (0-10)]]<=6,"Detractors", OR(NPSTable[[#This Row],[NPS_Score (0-10)]]=7,NPSTable[[#This Row],[NPS_Score (0-10)]]=8),"Passive")} -> Promoters
A21: NPS-0035 | B21: 46041 | C21: CUST-1007 | D21: 10 | E21: Q1 2026 | F21: {=_xlfn.IFS(NPSTable[[#This Row],[NPS_Score (0-10)]]>=9,"Promoters",NPSTable[[#This Row],[NPS_Score (0-10)]]<=6,"Detractors", OR(NPSTable[[#This Row],[NPS_Score (0-10)]]=7,NPSTable[[#This Row],[NPS_Score (0-10)]]=8),"Passive")} -> Promoters
A22: NPS-0026 | B22: 46042 | C22: CUST-1246 | D22: 8 | E22: Q1 2026 | F22: {=_xlfn.IFS(NPSTable[[#This Row],[NPS_Score (0-10)]]>=9,"Promoters",NPSTable[[#This Row],[NPS_Score (0-10)]]<=6,"Detractors", OR(NPSTable[[#This Row],[NPS_Score (0-10)]]=7,NPSTable[[#This Row],[NPS_Score (0-10)]]=8),"Passive")} -> Passive | N22: Count of NPS Status | O22: Column Labels
A23: NPS-0098 | B23: 46042 | C23: CUST-1172 | D23: 8 | E23: Q1 2026 | F23: {=_xlfn.IFS(NPSTable[[#This Row],[NPS_Score (0-10)]]>=9,"Promoters",NPSTable[[#This Row],[NPS_Score (0-10)]]<=6,"Detractors", OR(NPSTable[[#This Row],[NPS_Score (0-10)]]=7,NPSTable[[#This Row],[NPS_Score (0-10)]]=8),"Passive")} -> Passive | N23: Row Labels | O23: Detractors | P23: Passive | Q23: Promoters | R23: Grand Total
A24: NPS-0127 | B24: 46042 | C24: CUST-1219 | D24: 9 | E24: Q1 2026 | F24: {=_xlfn.IFS(NPSTable[[#This Row],[NPS_Score (0-10)]]>=9,"Promoters",NPSTable[[#This Row],[NPS_Score (0-10)]]<=6,"Detractors", OR(NPSTable[[#This Row],[NPS_Score (0-10)]]=7,NPSTable[[#This Row],[NPS_Score (0-10)]]=8),"Passive")} -> Promoters | N24: Asia Pacific | O24: 16 | P24: 23 | Q24: 31 | R24: 70 | S24: =N24 -> Asia Pacific | T24: =(Q24-O24)/R24 -> 0.21428571
A25: NPS-0131 | B25: 46042 | C25: CUST-1132 | D25: 9 | E25: Q1 2026 | F25: {=_xlfn.IFS(NPSTable[[#This Row],[NPS_Score (0-10)]]>=9,"Promoters",NPSTable[[#This Row],[NPS_Score (0-10)]]<=6,"Detractors", OR(NPSTable[[#This Row],[NPS_Score (0-10)]]=7,NPSTable[[#This Row],[NPS_Score (0-10)]]=8),"Passive")} -> Promoters | N25: Europe | O25: 15 | P25: 19 | Q25: 37 | R25: 71 | S25: =N25 -> Europe | T25: =(Q25-O25)/R25 -> 0.30985915
A26: NPS-0135 | B26: 46042 | C26: CUST-1178 | D26: 7 | E26: Q1 2026 | F26: {=_xlfn.IFS(NPSTable[[#This Row],[NPS_Score (0-10)]]>=9,"Promoters",NPSTable[[#This Row],[NPS_Score (0-10)]]<=6,"Detractors", OR(NPSTable[[#This Row],[NPS_Score (0-10)]]=7,NPSTable[[#This Row],[NPS_Score (0-10)]]=8),"Passive")} -> Passive | N26: Latin America | O26: 15 | P26: 33 | Q26: 36 | R26: 84 | S26: =N26 -> Latin America | T26: =(Q26-O26)/R26 -> 0.25
A27: NPS-0015 | B27: 46043 | C27: CUST-1019 | D27: 5 | E27: Q1 2026 | F27: {=_xlfn.IFS(NPSTable[[#This Row],[NPS_Score (0-10)]]>=9,"Promoters",NPSTable[[#This Row],[NPS_Score (0-10)]]<=6,"Detractors", OR(NPSTable[[#This Row],[NPS_Score (0-10)]]=7,NPSTable[[#This Row],[NPS_Score (0-10)]]=8),"Passive")} -> Detractors | N27: North America | O27: 18 | P27: 19 | Q27: 28 | R27: 65 | S27: =N27 -> North America | T27: =(Q27-O27)/R27 -> 0.15384615
A28: NPS-0085 | B28: 46043 | C28: CUST-1226 | D28: 8 | E28: Q1 2026 | F28: {=_xlfn.IFS(NPSTable[[#This Row],[NPS_Score (0-10)]]>=9,"Promoters",NPSTable[[#This Row],[NPS_Score (0-10)]]<=6,"Detractors", OR(NPSTable[[#This Row],[NPS_Score (0-10)]]=7,NPSTable[[#This Row],[NPS_Score (0-10)]]=8),"Passive")} -> Passive | N28: Grand Total | O28: 64 | P28: 94 | Q28: 132 | R28: 290
A29: NPS-0114 | B29: 46043 | C29: CUST-1199 | D29: 8 | E29: Q1 2026 | F29: {=_xlfn.IFS(NPSTable[[#This Row],[NPS_Score (0-10)]]>=9,"Promoters",NPSTable[[#This Row],[NPS_Score (0-10)]]<=6,"Detractors", OR(NPSTable[[#This Row],[NPS_Score (0-10)]]=7,NPSTable[[#This Row],[NPS_Score (0-10)]]=8),"Passive")} -> Passive
A30: NPS-0125 | B30: 46043 | C30: CUST-1150 | D30: 10 | E30: Q1 2026 | F30: {=_xlfn.IFS(NPSTable[[#This Row],[NPS_Score (0-10)]]>=9,"Promoters",NPSTable[[#This Row],[NPS_Score (0-10)]]<=6,"Detractors", OR(NPSTable[[#This Row],[NPS_Score (0-10)]]=7,NPSTable[[#This Row],[NPS_Score (0-10)]]=8),"Passive")} -> Promoters
A31: NPS-0046 | B31: 46044 | C31: CUST-1220 | D31: 5 | E31: Q1 2026 | F31: {=_xlfn.IFS(NPSTable[[#This Row],[NPS_Score (0-10)]]>=9,"Promoters",NPSTable[[#This Row],[NPS_Score (0-10)]]<=6,"Detractors", OR(NPSTable[[#This Row],[NPS_Score (0-10)]]=7,NPSTable[[#This Row],[NPS_Score (0-10)]]=8),"Passive")} -> Detractors | N31: Count of NPS Status | O31: Column Labels
A32: NPS-0077 | B32: 46045 | C32: CUST-1005 | D32: 9 | E32: Q1 2026 | F32: {=_xlfn.IFS(NPSTable[[#This Row],[NPS_Score (0-10)]]>=9,"Promoters",NPSTable[[#This Row],[NPS_Score (0-10)]]<=6,"Detractors", OR(NPSTable[[#This Row],[NPS_Score (0-10)]]=7,NPSTable[[#This Row],[NPS_Score (0-10)]]=8),"Passive")} -> Promoters | N32: Row Labels | O32: Detractors | P32: Passive | Q32: Promoters | R32: Grand Total
A33: NPS-0111 | B33: 46045 | C33: CUST-1109 | D33: 9 | E33: Q1 2026 | F33: {=_xlfn.IFS(NPSTable[[#This Row],[NPS_Score (0-10)]]>=9,"Promoters",NPSTable[[#This Row],[NPS_Score (0-10)]]<=6,"Detractors", OR(NPSTable[[#This Row],[NPS_Score (0-10)]]=7,NPSTable[[#This Row],[NPS_Score (0-10)]]=8),"Passive")} -> Promoters | N33: Consumer | O33: 52 | P33: 76 | Q33: 98 | R33: 226 | S33: =N33 -> Consumer | T33: =(Q33-O33)/R33 -> 0.20353982
A34: NPS-0123 | B34: 46045 | C34: CUST-1074 | D34: 8 | E34: Q1 2026 | F34: {=_xlfn.IFS(NPSTable[[#This Row],[NPS_Score (0-10)]]>=9,"Promoters",NPSTable[[#This Row],[NPS_Score (0-10)]]<=6,"Detractors", OR(NPSTable[[#This Row],[NPS_Score (0-10)]]=7,NPSTable[[#This Row],[NPS_Score (0-10)]]=8),"Passive")} -> Passive | N34: Small Business | O34: 12 | P34: 18 | Q34: 34 | R34: 64 | S34: =N34 -> Small Business | T34: =(Q34-O34)/R34 -> 0.34375
A35: NPS-0138 | B35: 46045 | C35: CUST-1009 | D35: 5 | E35: Q1 2026 | F35: {=_xlfn.IFS(NPSTable[[#This Row],[NPS_Score (0-10)]]>=9,"Promoters",NPSTable[[#This Row],[NPS_Score (0-10)]]<=6,"Detractors", OR(NPSTable[[#This Row],[NPS_Score (0-10)]]=7,NPSTable[[#This Row],[NPS_Score (0-10)]]=8),"Passive")} -> Detractors | N35: Grand Total | O35: 64 | P35: 94 | Q35: 132 | R35: 290
A36: NPS-0031 | B36: 46046 | C36: CUST-1027 | D36: 10 | E36: Q1 2026 | F36: {=_xlfn.IFS(NPSTable[[#This Row],[NPS_Score (0-10)]]>=9,"Promoters",NPSTable[[#This Row],[NPS_Score (0-10)]]<=6,"Detractors", OR(NPSTable[[#This Row],[NPS_Score (0-10)]]=7,NPSTable[[#This Row],[NPS_Score (0-10)]]=8),"Passive")} -> Promoters
A37: NPS-0012 | B37: 46047 | C37: CUST-1046 | D37: 9 | E37: Q1 2026 | F37: {=_xlfn.IFS(NPSTable[[#This Row],[NPS_Score (0-10)]]>=9,"Promoters",NPSTable[[#This Row],[NPS_Score (0-10)]]<=6,"Detractors", OR(NPSTable[[#This Row],[NPS_Score (0-10)]]=7,NPSTable[[#This Row],[NPS_Score (0-10)]]=8),"Passive")} -> Promoters
A38: NPS-0016 | B38: 46047 | C38: CUST-1063 | D38: 9 | E38: Q1 2026 | F38: {=_xlfn.IFS(NPSTable[[#This Row],[NPS_Score (0-10)]]>=9,"Promoters",NPSTable[[#This Row],[NPS_Score (0-10)]]<=6,"Detractors", OR(NPSTable[[#This Row],[NPS_Score (0-10)]]=7,NPSTable[[#This Row],[NPS_Score (0-10)]]=8),"Passive")} -> Promoters
A39: NPS-0022 | B39: 46047 | C39: CUST-1084 | D39: 5 | E39: Q1 2026 | F39: {=_xlfn.IFS(NPSTable[[#This Row],[NPS_Score (0-10)]]>=9,"Promoters",NPSTable[[#This Row],[NPS_Score (0-10)]]<=6,"Detractors", OR(NPSTable[[#This Row],[NPS_Score (0-10)]]=7,NPSTable[[#This Row],[NPS_Score (0-10)]]=8),"Passive")} -> Detractors
A40: NPS-0041 | B40: 46047 | C40: CUST-1122 | D40: 9 | E40: Q1 2026 | F40: {=_xlfn.IFS(NPSTable[[#This Row],[NPS_Score (0-10)]]>=9,"Promoters",NPSTable[[#This Row],[NPS_Score (0-10)]]<=6,"Detractors", OR(NPSTable[[#This Row],[NPS_Score (0-10)]]=7,NPSTable[[#This Row],[NPS_Score (0-10)]]=8),"Passive")} -> Promoters
A41: NPS-0129 | B41: 46047 | C41: CUST-1038 | D41: 10 | E41: Q1 2026 | F41: {=_xlfn.IFS(NPSTable[[#This Row],[NPS_Score (0-10)]]>=9,"Promoters",NPSTable[[#This Row],[NPS_Score (0-10)]]<=6,"Detractors", OR(NPSTable[[#This Row],[NPS_Score (0-10)]]=7,NPSTable[[#This Row],[NPS_Score (0-10)]]=8),"Passive")} -> Promoters
A42: NPS-0039 | B42: 46048 | C42: CUST-1181 | D42: 9 | E42: Q1 2026 | F42: {=_xlfn.IFS(NPSTable[[#This Row],[NPS_Score (0-10)]]>=9,"Promoters",NPSTable[[#This Row],[NPS_Score (0-10)]]<=6,"Detractors", OR(NPSTable[[#This Row],[NPS_Score (0-10)]]=7,NPSTable[[#This Row],[NPS_Score (0-10)]]=8),"Passive")} -> Promoters
A43: NPS-0066 | B43: 46048 | C43: CUST-1018 | D43: 8 | E43: Q1 2026 | F43: {=_xlfn.IFS(NPSTable[[#This Row],[NPS_Score (0-10)]]>=9,"Promoters",NPSTable[[#This Row],[NPS_Score (0-10)]]<=6,"Detractors", OR(NPSTable[[#This Row],[NPS_Score (0-10)]]=7,NPSTable[[#This Row],[NPS_Score (0-10)]]=8),"Passive")} -> Passive
A44: NPS-0047 | B44: 46052 | C44: CUST-1252 | D44: 8 | E44: Q1 2026 | F44: {=_xlfn.IFS(NPSTable[[#This Row],[NPS_Score (0-10)]]>=9,"Promoters",NPSTable[[#This Row],[NPS_Score (0-10)]]<=6,"Detractors", OR(NPSTable[[#This Row],[NPS_Score (0-10)]]=7,NPSTable[[#This Row],[NPS_Score (0-10)]]=8),"Passive")} -> Passive
A45: NPS-0019 | B45: 46053 | C45: CUST-1173 | D45: 8 | E45: Q1 2026 | F45: {=_xlfn.IFS(NPSTable[[#This Row],[NPS_Score (0-10)]]>=9,"Promoters",NPSTable[[#This Row],[NPS_Score (0-10)]]<=6,"Detractors", OR(NPSTable[[#This Row],[NPS_Score (0-10)]]=7,NPSTable[[#This Row],[NPS_Score (0-10)]]=8),"Passive")} -> Passive
A46: NPS-0040 | B46: 46053 | C46: CUST-1168 | D46: 10 | E46: Q1 2026 | F46: {=_xlfn.IFS(NPSTable[[#This Row],[NPS_Score (0-10)]]>=9,"Promoters",NPSTable[[#This Row],[NPS_Score (0-10)]]<=6,"Detractors", OR(NPSTable[[#This Row],[NPS_Score (0-10)]]=7,NPSTable[[#This Row],[NPS_Score (0-10)]]=8),"Passive")} -> Promoters
A47: NPS-0005 | B47: 46056 | C47: CUST-1108 | D47: 8 | E47: Q1 2026 | F47: {=_xlfn.IFS(NPSTable[[#This Row],[NPS_Score (0-10)]]>=9,"Promoters",NPSTable[[#This Row],[NPS_Score (0-10)]]<=6,"Detractors", OR(NPSTable[[#This Row],[NPS_Score (0-10)]]=7,NPSTable[[#This Row],[NPS_Score (0-10)]]=8),"Passive")} -> Passive
... A291: NPS-0240 | B291: 46200 | C291: CUST-1178 | D291: 8 | E291: Q2 2026 | F291: {=_xlfn.IFS(NPSTable[[#This Row],[NPS_Score (0-10)]]>=9,"Promoters",NPSTable[[#This Row],[NPS_Score (0-10)]]<=6,"Detractors", OR(NPSTable[[#This Row],[NPS_Score (0-10)]]=7,NPSTable[[#This Row],[NPS_Score (0-10)]]=8),"Passive")} -> Passive

Sheet Customer_Accounts
A1: CustomerID | B1: CustomerName | C1: SignupDate | D1: Segment | E1: Region | F1: TotalPurchases | G1: AvgOrderValue | H1: TotalRevenue | I1: Status | J1: ChurnDate | K1: ChurnMonth
A2: CUST-1000 | B2: Isabella Brown | C2: 45317 | D2: Consumer | E2: Europe | F2: 4 | G2: 105.7 | H2: =F2*G2 -> 422.8 | I2: Churned | J2: 46191 | K2: =IF(J2="","",TEXT(J2,"mmm-yyyy")) -> Jun-2026
A3: CUST-1001 | B3: Sam Thompson | C3: 45724 | D3: Consumer | E3: North America | F3: 4 | G3: 146.21 | H3: =F3*G3 -> 584.84 | I3: Active | K3: =IF(J3="","",TEXT(J3,"mmm-yyyy"))
A4: CUST-1002 | B4: Lucas Davis | C4: 45957 | D4: Consumer | E4: Latin America | F4: 4 | G4: 240.41 | H4: =F4*G4 -> 961.64 | I4: Active | K4: =IF(J4="","",TEXT(J4,"mmm-yyyy"))
A5: CUST-1003 | B5: Grayson Johnson | C5: 45455 | D5: Consumer | E5: Asia Pacific | F5: 5 | G5: 112.63 | H5: =F5*G5 -> 563.15 | I5: Active | K5: =IF(J5="","",TEXT(J5,"mmm-yyyy"))
A6: CUST-1004 | B6: Emma Brown | C6: 45386 | D6: Consumer | E6: Asia Pacific | F6: 14 | G6: 194.62 | H6: =F6*G6 -> 2724.68 | I6: Active | K6: =IF(J6="","",TEXT(J6,"mmm-yyyy"))
A7: CUST-1005 | B7: Jordan Jackson | C7: 45841 | D7: Consumer | E7: Latin America | F7: 2 | G7: 285.14 | H7: =F7*G7 -> 570.28 | I7: Active | K7: =IF(J7="","",TEXT(J7,"mmm-yyyy"))
A8: CUST-1006 | B8: Mason Taylor | C8: 45883 | D8: Consumer | E8: North America | F8: 1 | G8: 332.65 | H8: =F8*G8 -> 332.65 | I8: Active | K8: =IF(J8="","",TEXT(J8,"mmm-yyyy"))
A9: CUST-1007 | B9: Sam Rodriguez | C9: 45395 | D9: Consumer | E9: Latin America | F9: 11 | G9: 407.84 | H9: =F9*G9 -> 4486.24 | I9: Active | K9: =IF(J9="","",TEXT(J9,"mmm-yyyy"))
A10: CUST-1008 | B10: Liam Davis | C10: 45978 | D10: Consumer | E10: North America | F10: 10 | G10: 321.22 | H10: =F10*G10 -> 3212.2 | I10: Active | K10: =IF(J10="","",TEXT(J10,"mmm-yyyy"))
A11: CUST-1009 | B11: Jamie Miller | C11: 45765 | D11: Consumer | E11: Europe | F11: 11 | G11: 186.06 | H11: =F11*G11 -> 2046.66 | I11: Active | K11: =IF(J11="","",TEXT(J11,"mmm-yyyy"))
A12: CUST-1010 | B12: Jordan Rodriguez | C12: 45324 | D12: Small Business | E12: Latin America | F12: 11 | G12: 292.66 | H12: =F12*G12 -> 3219.26 | I12: Active | K12: =IF(J12="","",TEXT(J12,"mmm-yyyy"))
A13: CUST-1011 | B13: Sophia Anderson | C13: 45509 | D13: Consumer | E13: Latin America | F13: 11 | G13: 244.6 | H13: =F13*G13 -> 2690.6 | I13: Active | K13: =IF(J13="","",TEXT(J13,"mmm-yyyy"))
A14: CUST-1012 | B14: Jamie Perez | C14: 45843 | D14: Consumer | E14: Latin America | F14: 10 | G14: 218.74 | H14: =F14*G14 -> 2187.4 | I14: Active | K14: =IF(J14="","",TEXT(J14,"mmm-yyyy"))
... A16: CUST-1014 | B16: Aiden Moore | C16: 45902 | D16: Consumer | E16: Latin America | F16: 10 | G16: 478.31 | H16: =F16*G16 -> 4783.1 | I16: Active | K16: =IF(J16="","",TEXT(J16,"mmm-yyyy"))
A17: CUST-1015 | B17: Lucas Johnson | C17: 45988 | D17: Consumer | E17: Asia Pacific | F17: 13 | G17: 323.82 | H17: =F17*G17 -> 4209.66 | I17: Churned | J17: 46118 | K17: =IF(J17="","",TEXT(J17,"mmm-yyyy")) -> Apr-2026
A18: CUST-1016 | B18: Ava Johnson | C18: 45561 | D18: Small Business | E18: Europe | F18: 19 | G18: 1477.68 | H18: =F18*G18 -> 28075.92 | I18: Active | K18: =IF(J18="","",TEXT(J18,"mmm-yyyy"))
A19: CUST-1017 | B19: Cameron Lee | C19: 45915 | D19: Consumer | E19: Asia Pacific | F19: 13 | G19: 115.27 | H19: =F19*G19 -> 1498.51 | I19: Active | K19: =IF(J19="","",TEXT(J19,"mmm-yyyy"))
A20: CUST-1018 | B20: Wyatt Lee | C20: 45292 | D20: Consumer | E20: Latin America | F20: 1 | G20: 93.66 | H20: =F20*G20 -> 93.66 | I20: Active | K20: =IF(J20="","",TEXT(J20,"mmm-yyyy"))
A21: CUST-1019 | B21: Harper Wilson | C21: 45537 | D21: Consumer | E21: North America | F21: 2 | G21: 363.38 | H21: =F21*G21 -> 726.76 | I21: Active | K21: =IF(J21="","",TEXT(J21,"mmm-yyyy"))
A22: CUST-1020 | B22: Charlotte Perez | C22: 45420 | D22: Consumer | E22: Latin America | F22: 9 | G22: 116.83 | H22: =F22*G22 -> 1051.47 | I22: Active | K22: =IF(J22="","",TEXT(J22,"mmm-yyyy"))
A23: CUST-1021 | B23: Mason Moore | C23: 45508 | D23: Small Business | E23: Europe | F23: 12 | G23: 758.59 | H23: =F23*G23 -> 9103.08 | I23: Active | K23: =IF(J23="","",TEXT(J23,"mmm-yyyy"))
A24: CUST-1022 | B24: Liam Jackson | C24: 45821 | D24: Consumer | E24: Europe | F24: 4 | G24: 72.85 | H24: =F24*G24 -> 291.4 | I24: Churned | J24: 46150 | K24: =IF(J24="","",TEXT(J24,"mmm-yyyy")) -> May-2026
A25: CUST-1023 | B25: Sophia Rodriguez | C25: 45299 | D25: Consumer | E25: North America | F25: 4 | G25: 74.32 | H25: =F25*G25 -> 297.28 | I25: Churned | J25: 46084 | K25: =IF(J25="","",TEXT(J25,"mmm-yyyy")) -> Mar-2026
A26: CUST-1024 | B26: Mia Rodriguez | C26: 45577 | D26: Consumer | E26: Europe | F26: 9 | G26: 102.56 | H26: =F26*G26 -> 923.04 | I26: Active | K26: =IF(J26="","",TEXT(J26,"mmm-yyyy"))
A27: CUST-1025 | B27: Sophia Thompson | C27: 45776 | D27: Consumer | E27: Latin America | F27: 13 | G27: 222.07 | H27: =F27*G27 -> 2886.91 | I27: Churned | J27: 46187 | K27: =IF(J27="","",TEXT(J27,"mmm-yyyy")) -> Jun-2026
A28: CUST-1026 | B28: Liam Moore | C28: 45712 | D28: Consumer | E28: North America | F28: 11 | G28: 329.25 | H28: =F28*G28 -> 3621.75 | I28: Active | K28: =IF(J28="","",TEXT(J28,"mmm-yyyy"))
A29: CUST-1027 | B29: Jordan Thomas | C29: 45639 | D29: Small Business | E29: North America | F29: 10 | G29: 468.23 | H29: =F29*G29 -> 4682.3 | I29: Active | K29: =IF(J29="","",TEXT(J29,"mmm-yyyy"))
A30: CUST-1028 | B30: Morgan Moore | C30: 45479 | D30: Consumer | E30: Europe | F30: 14 | G30: 446.62 | H30: =F30*G30 -> 6252.68 | I30: Active | K30: =IF(J30="","",TEXT(J30,"mmm-yyyy"))
A31: CUST-1029 | B31: Grayson Perez | C31: 45392 | D31: Consumer | E31: North America | F31: 2 | G31: 447.97 | H31: =F31*G31 -> 895.94 | I31: Active | K31: =IF(J31="","",TEXT(J31,"mmm-yyyy"))
A32: CUST-1030 | B32: Casey Moore | C32: 45789 | D32: Consumer | E32: Latin America | F32: 1 | G32: 116.62 | H32: =F32*G32 -> 116.62 | I32: Churned | J32: 46121 | K32: =IF(J32="","",TEXT(J32,"mmm-yyyy")) -> Apr-2026
A33: CUST-1031 | B33: Wyatt Jackson | C33: 45584 | D33: Consumer | E33: Latin America | F33: 3 | G33: 127.61 | H33: =F33*G33 -> 382.83 | I33: Active | K33: =IF(J33="","",TEXT(J33,"mmm-yyyy"))
A34: CUST-1032 | B34: Jordan Thompson | C34: 45847 | D34: Consumer | E34: Asia Pacific | F34: 1 | G34: 66.81 | H34: =F34*G34 -> 66.81 | I34: Active | K34: =IF(J34="","",TEXT(J34,"mmm-yyyy"))
A35: CUST-1033 | B35: Wyatt Lee | C35: 45453 | D35: Consumer | E35: North America | F35: 14 | G35: 125.83 | H35: =F35*G35 -> 1761.62 | I35: Active | K35: =IF(J35="","",TEXT(J35,"mmm-yyyy"))
A36: CUST-1034 | B36: Logan Rodriguez | C36: 45705 | D36: Consumer | E36: Europe | F36: 10 | G36: 303.62 | H36: =F36*G36 -> 3036.2 | I36: Active | K36: =IF(J36="","",TEXT(J36,"mmm-yyyy"))
A37: CUST-1035 | B37: Noah Thompson | C37: 45870 | D37: Consumer | E37: Asia Pacific | F37: 4 | G37: 336.33 | H37: =F37*G37 -> 1345.32 | I37: Active | K37: =IF(J37="","",TEXT(J37,"mmm-yyyy"))
A38: CUST-1036 | B38: Drew Thomas | C38: 45426 | D38: Consumer | E38: Asia Pacific | F38: 8 | G38: 182.54 | H38: =F38*G38 -> 1460.32 | I38: Active | K38: =IF(J38="","",TEXT(J38,"mmm-yyyy"))
A39: CUST-1037 | B39: Sam Johnson | C39: 45761 | D39: Consumer | E39: North America | F39: 2 | G39: 278.87 | H39: =F39*G39 -> 557.74 | I39: Active | K39: =IF(J39="","",TEXT(J39,"mmm-yyyy"))
A40: CUST-1038 | B40: Morgan Taylor | C40: 45362 | D40: Small Business | E40: Asia Pacific | F40: 12 | G40: 420.85 | H40: =F40*G40 -> 5050.2 | I40: Active | K40: =IF(J40="","",TEXT(J40,"mmm-yyyy"))
A41: CUST-1039 | B41: Amelia Wilson | C41: 45918 | D41: Small Business | E41: North America | F41: 20 | G41: 619.13 | H41: =F41*G41 -> 12382.6 | I41: Active | K41: =IF(J41="","",TEXT(J41,"mmm-yyyy"))
A42: CUST-1040 | B42: Layla Garcia | C42: 45562 | D42: Consumer | E42: North America | F42: 12 | G42: 285.65 | H42: =F42*G42 -> 3427.8 | I42: Active | K42: =IF(J42="","",TEXT(J42,"mmm-yyyy"))
A43: CUST-1041 | B43: Mason Davis | C43: 45643 | D43: Consumer | E43: Asia Pacific | F43: 9 | G43: 257.51 | H43: =F43*G43 -> 2317.59 | I43: Active | K43: =IF(J43="","",TEXT(J43,"mmm-yyyy"))
A44: CUST-1042 | B44: Grayson Smith | C44: 45386 | D44: Consumer | E44: Asia Pacific | F44: 1 | G44: 46.54 | H44: =F44*G44 -> 46.54 | I44: Active | K44: =IF(J44="","",TEXT(J44,"mmm-yyyy"))
A45: CUST-1043 | B45: Isabella Martinez | C45: 45457 | D45: Consumer | E45: Latin America | F45: 9 | G45: 49.21 | H45: =F45*G45 -> 442.89 | I45: Churned | J45: 46178 | K45: =IF(J45="","",TEXT(J45,"mmm-yyyy")) -> Jun-2026
A46: CUST-1044 | B46: Lucas Smith | C46: 45670 | D46: Consumer | E46: Europe | F46: 7 | G46: 100.44 | H46: =F46*G46 -> 703.08 | I46: Active | K46: =IF(J46="","",TEXT(J46,"mmm-yyyy"))
A47: CUST-1045 | B47: Layla Smith | C47: 45658 | D47: Consumer | E47: Europe | F47: 11 | G47: 89.72 | H47: =F47*G47 -> 986.92 | I47: Active | K47: =IF(J47="","",TEXT(J47,"mmm-yyyy"))
A48: CUST-1046 | B48: Layla Moore | C48: 45927 | D48: Consumer | E48: Europe | F48: 14 | G48: 115.69 | H48: =F48*G48 -> 1619.66 | I48: Active | K48: =IF(J48="","",TEXT(J48,"mmm-yyyy"))
A49: CUST-1047 | B49: Casey Moore | C49: 45317 | D49: Consumer | E49: Asia Pacific | F49: 13 | G49: 449.9 | H49: =F49*G49 -> 5848.7 | I49: Active | K49: =IF(J49="","",TEXT(J49,"mmm-yyyy"))
A50: CUST-1048 | B50: Grayson Rodriguez | C50: 45565 | D50: Consumer | E50: North America | F50: 7 | G50: 424.39 | H50: =F50*G50 -> 2970.73 | I50: Active | K50: =IF(J50="","",TEXT(J50,"mmm-yyyy"))
A51: CUST-1049 | B51: Jamie Davis | C51: 45763 | D51: Consumer | E51: Europe | F51: 4 | G51: 55.29 | H51: =F51*G51 -> 221.16 | I51: Active | K51: =IF(J51="","",TEXT(J51,"mmm-yyyy"))
A52: CUST-1050 | B52: Emma Martinez | C52: 45363 | D52: Small Business | E52: Asia Pacific | F52: 14 | G52: 1098.07 | H52: =F52*G52 -> 15372.98 | I52: Active | K52: =IF(J52="","",TEXT(J52,"mmm-yyyy"))
A53: CUST-1051 | B53: Harper Perez | C53: 45631 | D53: Small Business | E53: North America | F53: 11 | G53: 449.99 | H53: =F53*G53 -> 4949.89 | I53: Active | K53: =IF(J53="","",TEXT(J53,"mmm-yyyy"))
A54: CUST-1052 | B54: Drew Smith | C54: 45403 | D54: Consumer | E54: Asia Pacific | F54: 12 | G54: 387.1 | H54: =F54*G54 -> 4645.2 | I54: Active | K54: =IF(J54="","",TEXT(J54,"mmm-yyyy"))
A55: CUST-1053 | B55: Mia Brown | C55: 45686 | D55: Small Business | E55: Europe | F55: 11 | G55: 262.14 | H55: =F55*G55 -> 2883.54 | I55: Active | K55: =IF(J55="","",TEXT(J55,"mmm-yyyy"))
A56: CUST-1054 | B56: Mia Perez | C56: 45978 | D56: Consumer | E56: Latin America | F56: 2 | G56: 457.76 | H56: =F56*G56 -> 915.52 | I56: Active | K56: =IF(J56="","",TEXT(J56,"mmm-yyyy"))
A57: CUST-1055 | B57: Mason Anderson | C57: 45971 | D57: Small Business | E57: Asia Pacific | F57: 19 | G57: 633 | H57: =F57*G57 -> 12027 | I57: Active | K57: =IF(J57="","",TEXT(J57,"mmm-yyyy"))
... A64: CUST-1062 | B64: Jamie Garcia | C64: 45963 | D64: Consumer | E64: North America | F64: 13 | G64: 229.94 | H64: =F64*G64 -> 2989.22 | I64: Active | K64: =IF(J64="","",TEXT(J64,"mmm-yyyy"))
A65: CUST-1063 | B65: Amelia Lee | C65: 45767 | D65: Consumer | E65: Europe | F65: 14 | G65: 97.79 | H65: =F65*G65 -> 1369.06 | I65: Churned | J65: 46134 | K65: =IF(J65="","",TEXT(J65,"mmm-yyyy")) -> Apr-2026
A66: CUST-1064 | B66: Mia Perez | C66: 45901 | D66: Consumer | E66: Latin America | F66: 10 | G66: 399.53 | H66: =F66*G66 -> 3995.3 | I66: Active | K66: =IF(J66="","",TEXT(J66,"mmm-yyyy"))
A67: CUST-1065 | B67: Noah Perez | C67: 45748 | D67: Small Business | E67: Latin America | F67: 17 | G67: 562.87 | H67: =F67*G67 -> 9568.79 | I67: Active | K67: =IF(J67="","",TEXT(J67,"mmm-yyyy"))
A68: CUST-1066 | B68: Isabella Martinez | C68: 45825 | D68: Consumer | E68: Europe | F68: 5 | G68: 236.34 | H68: =F68*G68 -> 1181.7 | I68: Active | K68: =IF(J68="","",TEXT(J68,"mmm-yyyy"))
A69: CUST-1067 | B69: Jamie Martinez | C69: 45635 | D69: Consumer | E69: North America | F69: 3 | G69: 110.61 | H69: =F69*G69 -> 331.83 | I69: Active | K69: =IF(J69="","",TEXT(J69,"mmm-yyyy"))
A70: CUST-1068 | B70: Morgan Davis | C70: 45357 | D70: Consumer | E70: Asia Pacific | F70: 9 | G70: 247.68 | H70: =F70*G70 -> 2229.12 | I70: Churned | J70: 46125 | K70: =IF(J70="","",TEXT(J70,"mmm-yyyy")) -> Apr-2026
A71: CUST-1069 | B71: Layla Thompson | C71: 45312 | D71: Small Business | E71: Latin America | F71: 18 | G71: 208.25 | H71: =F71*G71 -> 3748.5 | I71: Active | K71: =IF(J71="","",TEXT(J71,"mmm-yyyy"))
A72: CUST-1070 | B72: Charlotte Thomas | C72: 45721 | D72: Consumer | E72: Europe | F72: 8 | G72: 140.45 | H72: =F72*G72 -> 1123.6 | I72: Active | K72: =IF(J72="","",TEXT(J72,"mmm-yyyy"))
A73: CUST-1071 | B73: Alex Thomas | C73: 45636 | D73: Consumer | E73: Latin America | F73: 12 | G73: 116.79 | H73: =F73*G73 -> 1401.48 | I73: Active | K73: =IF(J73="","",TEXT(J73,"mmm-yyyy"))
A74: CUST-1072 | B74: Morgan White | C74: 45838 | D74: Consumer | E74: Latin America | F74: 10 | G74: 290.51 | H74: =F74*G74 -> 2905.1 | I74: Churned | J74: 46187 | K74: =IF(J74="","",TEXT(J74,"mmm-yyyy")) -> Jun-2026
A75: CUST-1073 | B75: Morgan Jackson | C75: 45478 | D75: Consumer | E75: Latin America | F75: 6 | G75: 137.07 | H75: =F75*G75 -> 822.42 | I75: Active | K75: =IF(J75="","",TEXT(J75,"mmm-yyyy"))
A76: CUST-1074 | B76: Charlotte Thomas | C76: 45576 | D76: Consumer | E76: Latin America | F76: 5 | G76: 408.19 | H76: =F76*G76 -> 2040.95 | I76: Active | K76: =IF(J76="","",TEXT(J76,"mmm-yyyy"))
A77: CUST-1075 | B77: Elijah Perez | C77: 45345 | D77: Small Business | E77: Asia Pacific | F77: 10 | G77: 1110.2 | H77: =F77*G77 -> 11102 | I77: Active | K77: =IF(J77="","",TEXT(J77,"mmm-yyyy"))
A78: CUST-1076 | B78: Isabella Smith | C78: 45323 | D78: Small Business | E78: Europe | F78: 3 | G78: 1069.87 | H78: =F78*G78 -> 3209.61 | I78: Active | K78: =IF(J78="","",TEXT(J78,"mmm-yyyy"))
A79: CUST-1077 | B79: Ethan Brown | C79: 45869 | D79: Small Business | E79: Latin America | F79: 11 | G79: 1273.66 | H79: =F79*G79 -> 14010.26 | I79: Active | K79: =IF(J79="","",TEXT(J79,"mmm-yyyy"))
A80: CUST-1078 | B80: Mason Brown | C80: 45459 | D80: Small Business | E80: North America | F80: 21 | G80: 235.95 | H80: =F80*G80 -> 4954.95 | I80: Active | K80: =IF(J80="","",TEXT(J80,"mmm-yyyy"))
A81: CUST-1079 | B81: Logan Thomas | C81: 45698 | D81: Small Business | E81: Europe | F81: 5 | G81: 1028.94 | H81: =F81*G81 -> 5144.7 | I81: Active | K81: =IF(J81="","",TEXT(J81,"mmm-yyyy"))
A82: CUST-1080 | B82: Jamie Brown | C82: 45600 | D82: Small Business | E82: North America | F82: 21 | G82: 1295.69 | H82: =F82*G82 -> 27209.49 | I82: Active | K82: =IF(J82="","",TEXT(J82,"mmm-yyyy"))
A83: CUST-1081 | B83: Noah Taylor | C83: 45362 | D83: Consumer | E83: Asia Pacific | F83: 1 | G83: 414.57 | H83: =F83*G83 -> 414.57 | I83: Active | K83: =IF(J83="","",TEXT(J83,"mmm-yyyy"))
A84: CUST-1082 | B84: Taylor Moore | C84: 45662 | D84: Consumer | E84: Latin America | F84: 12 | G84: 111.55 | H84: =F84*G84 -> 1338.6 | I84: Active | K84: =IF(J84="","",TEXT(J84,"mmm-yyyy"))
A85: CUST-1083 | B85: Mia Martinez | C85: 45922 | D85: Small Business | E85: Latin America | F85: 17 | G85: 809.8 | H85: =F85*G85 -> 13766.6 | I85: Active | K85: =IF(J85="","",TEXT(J85,"mmm-yyyy"))
A86: CUST-1084 | B86: Drew Anderson | C86: 45543 | D86: Small Business | E86: North America | F86: 11 | G86: 1434.28 | H86: =F86*G86 -> 15777.08 | I86: Active | K86: =IF(J86="","",TEXT(J86,"mmm-yyyy"))
... A89: CUST-1087 | B89: Drew Perez | C89: 45302 | D89: Consumer | E89: Europe | F89: 2 | G89: 149.99 | H89: =F89*G89 -> 299.98 | I89: Active | K89: =IF(J89="","",TEXT(J89,"mmm-yyyy"))
A90: CUST-1088 | B90: Lucas Rodriguez | C90: 45779 | D90: Consumer | E90: Latin America | F90: 8 | G90: 389.93 | H90: =F90*G90 -> 3119.44 | I90: Churned | J90: 46066 | K90: =IF(J90="","",TEXT(J90,"mmm-yyyy")) -> Feb-2026
A91: CUST-1089 | B91: Amelia Rodriguez | C91: 45605 | D91: Consumer | E91: Asia Pacific | F91: 8 | G91: 285.76 | H91: =F91*G91 -> 2286.08 | I91: Active | K91: =IF(J91="","",TEXT(J91,"mmm-yyyy"))
A92: CUST-1090 | B92: Elijah Perez | C92: 45630 | D92: Consumer | E92: Latin America | F92: 5 | G92: 178.38 | H92: =F92*G92 -> 891.9 | I92: Active | K92: =IF(J92="","",TEXT(J92,"mmm-yyyy"))
A93: CUST-1091 | B93: Elijah Davis | C93: 45615 | D93: Consumer | E93: Europe | F93: 4 | G93: 139.13 | H93: =F93*G93 -> 556.52 | I93: Active | K93: =IF(J93="","",TEXT(J93,"mmm-yyyy"))
A94: CUST-1092 | B94: Elijah Thompson | C94: 45829 | D94: Consumer | E94: North America | F94: 14 | G94: 129.44 | H94: =F94*G94 -> 1812.16 | I94: Active | K94: =IF(J94="","",TEXT(J94,"mmm-yyyy"))
A95: CUST-1093 | B95: Casey Wilson | C95: 45306 | D95: Consumer | E95: Europe | F95: 5 | G95: 64.8 | H95: =F95*G95 -> 324 | I95: Churned | J95: 46104 | K95: =IF(J95="","",TEXT(J95,"mmm-yyyy")) -> Mar-2026
A96: CUST-1094 | B96: Morgan Martin | C96: 45397 | D96: Small Business | E96: Asia Pacific | F96: 18 | G96: 870.2 | H96: =F96*G96 -> 15663.6 | I96: Active | K96: =IF(J96="","",TEXT(J96,"mmm-yyyy"))
A97: CUST-1095 | B97: Jordan Martinez | C97: 45781 | D97: Consumer | E97: North America | F97: 7 | G97: 258.91 | H97: =F97*G97 -> 1812.37 | I97: Active | K97: =IF(J97="","",TEXT(J97,"mmm-yyyy"))
A98: CUST-1096 | B98: Logan Smith | C98: 45447 | D98: Consumer | E98: Asia Pacific | F98: 2 | G98: 477.35 | H98: =F98*G98 -> 954.7 | I98: Churned | J98: 46132 | K98: =IF(J98="","",TEXT(J98,"mmm-yyyy")) -> Apr-2026
A99: CUST-1097 | B99: Mason White | C99: 45523 | D99: Consumer | E99: Latin America | F99: 8 | G99: 440.2 | H99: =F99*G99 -> 3521.6 | I99: Active | K99: =IF(J99="","",TEXT(J99,"mmm-yyyy"))
A100: CUST-1098 | B100: Sophia Moore | C100: 45604 | D100: Consumer | E100: North America | F100: 10 | G100: 462.65 | H100: =F100*G100 -> 4626.5 | I100: Churned | J100: 46074 | K100: =IF(J100="","",TEXT(J100,"mmm-yyyy")) -> Feb-2026
A101: CUST-1099 | B101: Riley Martinez | C101: 45968 | D101: Consumer | E101: Europe | F101: 3 | G101: 285.12 | H101: =F101*G101 -> 855.36 | I101: Churned | J101: 46127 | K101: =IF(J101="","",TEXT(J101,"mmm-yyyy")) -> Apr-2026
A102: CUST-1100 | B102: Amelia White | C102: 45773 | D102: Consumer | E102: Europe | F102: 5 | G102: 352.53 | H102: =F102*G102 -> 1762.65 | I102: Active | K102: =IF(J102="","",TEXT(J102,"mmm-yyyy"))
A103: CUST-1101 | B103: Ava Williams | C103: 45531 | D103: Small Business | E103: Europe | F103: 16 | G103: 360.69 | H103: =F103*G103 -> 5771.04 | I103: Active | K103: =IF(J103="","",TEXT(J103,"mmm-yyyy"))
A104: CUST-1102 | B104: Morgan Martinez | C104: 45437 | D104: Consumer | E104: Europe | F104: 13 | G104: 178.81 | H104: =F104*G104 -> 2324.53 | I104: Active | K104: =IF(J104="","",TEXT(J104,"mmm-yyyy"))
A105: CUST-1103 | B105: Sophia Wilson | C105: 45741 | D105: Consumer | E105: Asia Pacific | F105: 12 | G105: 220.09 | H105: =F105*G105 -> 2641.08 | I105: Active | K105: =IF(J105="","",TEXT(J105,"mmm-yyyy"))
A106: CUST-1104 | B106: Lucas Martin | C106: 45740 | D106: Consumer | E106: North America | F106: 7 | G106: 364.52 | H106: =F106*G106 -> 2551.64 | I106: Active | K106: =IF(J106="","",TEXT(J106,"mmm-yyyy"))
A107: CUST-1105 | B107: Alex Williams | C107: 45526 | D107: Small Business | E107: North America | F107: 11 | G107: 1006.75 | H107: =F107*G107 -> 11074.25 | I107: Active | K107: =IF(J107="","",TEXT(J107,"mmm-yyyy"))
A108: CUST-1106 | B108: Casey Martin | C108: 45823 | D108: Consumer | E108: Asia Pacific | F108: 3 | G108: 478.67 | H108: =F108*G108 -> 1436.01 | I108: Active | K108: =IF(J108="","",TEXT(J108,"mmm-yyyy"))
A109: CUST-1107 | B109: Harper Martin | C109: 45385 | D109: Consumer | E109: Latin America | F109: 6 | G109: 184.66 | H109: =F109*G109 -> 1107.96 | I109: Churned | J109: 46064 | K109: =IF(J109="","",TEXT(J109,"mmm-yyyy")) -> Feb-2026
...

Sheet Support_Tickets
A1: TicketID | B1: Date | C1: CustomerID | D1: Channel | E1: Agent | F1: IssueCategory | G1: FCR (First Contact Resolution) | H1: ResolutionTimeHours | I1: CSAT_Score (1-5) | J1: CES_Score (1-7) | K1: CSAT Status | L1: CES Status | M1: Column4 | N1: Column1 | O1: Column2
A2: TCK-20629 | B2: 46023 | C2: CUST-1251 | D2: Email | E2: Ahmed Hassan | F2: Technical Support | G2: No | H2: 57.4 | I2: 1 | K2: {=_xlfn.IFS(TicketsTable[[#This Row],[CSAT_Score (1-5)]]>=4,"Satisfied",TicketsTable[[#This Row],[CSAT_Score (1-5)]]>=1,"Unsatisfied",ISBLANK(TicketsTable[[#This Row],[CSAT_Score (1-5)]]),"X")} -> Unsatisfied | L2: {=IFERROR(_xlfn.IFS(OR(TicketsTable[[#This Row],[CES_Score (1-7)]]=1,TicketsTable[[#This Row],[CES_Score (1-7)]]=2,TicketsTable[[#This Row],[CES_Score (1-7)]]=3),"High Effort",OR(TicketsTable[[#This Row],[CES_Score (1-7)]]=6,TicketsTable[[#This Row],[CES_Score (1-7)]]=7),"Low Effort",OR(TicketsTable[[#This Row],[CES_Score (1-7)]]=4,TicketsTable[[#This Row],[CES_Score (1-7)]]=5),"Neutral"),"No Response")} -> No Response | P2: Count of CustomerID | Q2: Distinct Count of Region | R2: Count of ResponseID | S2: Distinct Count of Channel | T2: Sum of TotalRevenue | U2: Average of AvgOrderValue | V2: Distinct Count of Agent | W2: Count of TicketID
A3: TCK-20292 | B3: 46024 | C3: CUST-1211 | D3: Live Chat | E3: Priya Nair | F3: Order Delay | G3: Yes | H3: 1.1 | I3: 3 | J3: 7 | K3: {=_xlfn.IFS(TicketsTable[[#This Row],[CSAT_Score (1-5)]]>=4,"Satisfied",TicketsTable[[#This Row],[CSAT_Score (1-5)]]>=1,"Unsatisfied",ISBLANK(TicketsTable[[#This Row],[CSAT_Score (1-5)]]),"X")} -> Unsatisfied | L3: {=IFERROR(_xlfn.IFS(OR(TicketsTable[[#This Row],[CES_Score (1-7)]]=1,TicketsTable[[#This Row],[CES_Score (1-7)]]=2,TicketsTable[[#This Row],[CES_Score (1-7)]]=3),"High Effort",OR(TicketsTable[[#This Row],[CES_Score (1-7)]]=6,TicketsTable[[#This Row],[CES_Score (1-7)]]=7),"Low Effort",OR(TicketsTable[[#This Row],[CES_Score (1-7)]]=4,TicketsTable[[#This Row],[CES_Score (1-7)]]=5),"Neutral"),"No Response")} -> Low Effort | P3: 260 | Q3: 4 | R3: 290 | S3: 4 | T3: 1055682.1 | U3: 398.07585 | V3: 10 | W3: 480
A4: TCK-20307 | B4: 46024 | C4: CUST-1202 | D4: Live Chat | E4: Nadia Petrov | F4: Product Defect | G4: No | H4: 33.9 | I4: 3 | J4: 2 | K4: {=_xlfn.IFS(TicketsTable[[#This Row],[CSAT_Score (1-5)]]>=4,"Satisfied",TicketsTable[[#This Row],[CSAT_Score (1-5)]]>=1,"Unsatisfied",ISBLANK(TicketsTable[[#This Row],[CSAT_Score (1-5)]]),"X")} -> Unsatisfied | L4: {=IFERROR(_xlfn.IFS(OR(TicketsTable[[#This Row],[CES_Score (1-7)]]=1,TicketsTable[[#This Row],[CES_Score (1-7)]]=2,TicketsTable[[#This Row],[CES_Score (1-7)]]=3),"High Effort",OR(TicketsTable[[#This Row],[CES_Score (1-7)]]=6,TicketsTable[[#This Row],[CES_Score (1-7)]]=7),"Low Effort",OR(TicketsTable[[#This Row],[CES_Score (1-7)]]=4,TicketsTable[[#This Row],[CES_Score (1-7)]]=5),"Neutral"),"No Response")} -> High Effort
A5: TCK-20482 | B5: 46024 | C5: CUST-1060 | D5: Email | E5: Ahmed Hassan | F5: Return/Refund | G5: No | H5: 25.5 | I5: 1 | J5: 2 | K5: {=_xlfn.IFS(TicketsTable[[#This Row],[CSAT_Score (1-5)]]>=4,"Satisfied",TicketsTable[[#This Row],[CSAT_Score (1-5)]]>=1,"Unsatisfied",ISBLANK(TicketsTable[[#This Row],[CSAT_Score (1-5)]]),"X")} -> Unsatisfied | L5: {=IFERROR(_xlfn.IFS(OR(TicketsTable[[#This Row],[CES_Score (1-7)]]=1,TicketsTable[[#This Row],[CES_Score (1-7)]]=2,TicketsTable[[#This Row],[CES_Score (1-7)]]=3),"High Effort",OR(TicketsTable[[#This Row],[CES_Score (1-7)]]=6,TicketsTable[[#This Row],[CES_Score (1-7)]]=7),"Low Effort",OR(TicketsTable[[#This Row],[CES_Score (1-7)]]=4,TicketsTable[[#This Row],[CES_Score (1-7)]]=5),"Neutral"),"No Response")} -> High Effort | P5: Count of CSAT Status | Q5: Column Labels | U5: Count of CSAT Status | V5: Column Labels
A6: TCK-20574 | B6: 46024 | C6: CUST-1125 | D6: Phone | E6: Tom Becker | F6: Return/Refund | G6: Yes | H6: 3.7 | K6: {=_xlfn.IFS(TicketsTable[[#This Row],[CSAT_Score (1-5)]]>=4,"Satisfied",TicketsTable[[#This Row],[CSAT_Score (1-5)]]>=1,"Unsatisfied",ISBLANK(TicketsTable[[#This Row],[CSAT_Score (1-5)]]),"X")} -> X | L6: {=IFERROR(_xlfn.IFS(OR(TicketsTable[[#This Row],[CES_Score (1-7)]]=1,TicketsTable[[#This Row],[CES_Score (1-7)]]=2,TicketsTable[[#This Row],[CES_Score (1-7)]]=3),"High Effort",OR(TicketsTable[[#This Row],[CES_Score (1-7)]]=6,TicketsTable[[#This Row],[CES_Score (1-7)]]=7),"Low Effort",OR(TicketsTable[[#This Row],[CES_Score (1-7)]]=4,TicketsTable[[#This Row],[CES_Score (1-7)]]=5),"Neutral"),"No Response")} -> No Response | P6: Row Labels | Q6: Satisfied | R6: Unsatisfied | S6: Grand Total | U6: Row Labels | V6: Satisfied | W6: Unsatisfied | X6: Grand Total
A7: TCK-20500 | B7: 46025 | C7: CUST-1006 | D7: Email | E7: Ahmed Hassan | F7: Return/Refund | G7: Yes | H7: 2.8 | I7: 5 | J7: 6 | K7: {=_xlfn.IFS(TicketsTable[[#This Row],[CSAT_Score (1-5)]]>=4,"Satisfied",TicketsTable[[#This Row],[CSAT_Score (1-5)]]>=1,"Unsatisfied",ISBLANK(TicketsTable[[#This Row],[CSAT_Score (1-5)]]),"X")} -> Satisfied | L7: {=IFERROR(_xlfn.IFS(OR(TicketsTable[[#This Row],[CES_Score (1-7)]]=1,TicketsTable[[#This Row],[CES_Score (1-7)]]=2,TicketsTable[[#This Row],[CES_Score (1-7)]]=3),"High Effort",OR(TicketsTable[[#This Row],[CES_Score (1-7)]]=6,TicketsTable[[#This Row],[CES_Score (1-7)]]=7),"Low Effort",OR(TicketsTable[[#This Row],[CES_Score (1-7)]]=4,TicketsTable[[#This Row],[CES_Score (1-7)]]=5),"Neutral"),"No Response")} -> Low Effort | N7: =P7 -> Consumer | O7: =Q7 -> 0.63087248 | P7: Consumer | Q7: 0.63087248 | R7: 0.36912752 | S7: 1 | U7: Asia Pacific | V7: 0.56435644 | W7: 0.43564356 | X7: 1 | Z7: =V7 -> 0.56435644
A8: TCK-20503 | B8: 46025 | C8: CUST-1090 | D8: Email | E8: Liu Wei | F8: Account Access | G8: No | H8: 39.2 | I8: 3 | J8: 2 | K8: {=_xlfn.IFS(TicketsTable[[#This Row],[CSAT_Score (1-5)]]>=4,"Satisfied",TicketsTable[[#This Row],[CSAT_Score (1-5)]]>=1,"Unsatisfied",ISBLANK(TicketsTable[[#This Row],[CSAT_Score (1-5)]]),"X")} -> Unsatisfied | L8: {=IFERROR(_xlfn.IFS(OR(TicketsTable[[#This Row],[CES_Score (1-7)]]=1,TicketsTable[[#This Row],[CES_Score (1-7)]]=2,TicketsTable[[#This Row],[CES_Score (1-7)]]=3),"High Effort",OR(TicketsTable[[#This Row],[CES_Score (1-7)]]=6,TicketsTable[[#This Row],[CES_Score (1-7)]]=7),"Low Effort",OR(TicketsTable[[#This Row],[CES_Score (1-7)]]=4,TicketsTable[[#This Row],[CES_Score (1-7)]]=5),"Neutral"),"No Response")} -> High Effort | N8: =P8 -> Small Business | O8: =Q8 -> 0.60204082 | P8: Small Business | Q8: 0.60204082 | R8: 0.39795918 | S8: 1 | U8: Europe | V8: 0.66371681 | W8: 0.33628319 | X8: 1 | Z8: =V8 -> 0.66371681
A9: TCK-20622 | B9: 46025 | C9: CUST-1034 | D9: Live Chat | E9: James Okafor | F9: Billing Issue | G9: Yes | H9: 1.6 | I9: 4 | K9: {=_xlfn.IFS(TicketsTable[[#This Row],[CSAT_Score (1-5)]]>=4,"Satisfied",TicketsTable[[#This Row],[CSAT_Score (1-5)]]>=1,"Unsatisfied",ISBLANK(TicketsTable[[#This Row],[CSAT_Score (1-5)]]),"X")} -> Satisfied | L9: {=IFERROR(_xlfn.IFS(OR(TicketsTable[[#This Row],[CES_Score (1-7)]]=1,TicketsTable[[#This Row],[CES_Score (1-7)]]=2,TicketsTable[[#This Row],[CES_Score (1-7)]]=3),"High Effort",OR(TicketsTable[[#This Row],[CES_Score (1-7)]]=6,TicketsTable[[#This Row],[CES_Score (1-7)]]=7),"Low Effort",OR(TicketsTable[[#This Row],[CES_Score (1-7)]]=4,TicketsTable[[#This Row],[CES_Score (1-7)]]=5),"Neutral"),"No Response")} -> No Response | P9: Grand Total | Q9: 0.62373737 | R9: 0.37626263 | S9: 1 | U9: Latin America | V9: 0.62105263 | W9: 0.37894737 | X9: 1 | Z9: =V9 -> 0.62105263
A10: TCK-20521 | B10: 46026 | C10: CUST-1062 | D10: Social Media | E10: Priya Nair | F10: Product Defect | G10: No | H10: 20.8 | I10: 1 | J10: 1 | K10: {=_xlfn.IFS(TicketsTable[[#This Row],[CSAT_Score (1-5)]]>=4,"Satisfied",TicketsTable[[#This Row],[CSAT_Score (1-5)]]>=1,"Unsatisfied",ISBLANK(TicketsTable[[#This Row],[CSAT_Score (1-5)]]),"X")} -> Unsatisfied | L10: {=IFERROR(_xlfn.IFS(OR(TicketsTable[[#This Row],[CES_Score (1-7)]]=1,TicketsTable[[#This Row],[CES_Score (1-7)]]=2,TicketsTable[[#This Row],[CES_Score (1-7)]]=3),"High Effort",OR(TicketsTable[[#This Row],[CES_Score (1-7)]]=6,TicketsTable[[#This Row],[CES_Score (1-7)]]=7),"Low Effort",OR(TicketsTable[[#This Row],[CES_Score (1-7)]]=4,TicketsTable[[#This Row],[CES_Score (1-7)]]=5),"Neutral"),"No Response")} -> High Effort | U10: North America | V10: 0.64367816 | W10: 0.35632184 | X10: 1 | Z10: =V10 -> 0.64367816
A11: TCK-20289 | B11: 46027 | C11: CUST-1133 | D11: Email | E11: Nadia Petrov | F11: Return/Refund | G11: Yes | H11: 0.8 | I11: 4 | J11: 6 | K11: {=_xlfn.IFS(TicketsTable[[#This Row],[CSAT_Score (1-5)]]>=4,"Satisfied",TicketsTable[[#This Row],[CSAT_Score (1-5)]]>=1,"Unsatisfied",ISBLANK(TicketsTable[[#This Row],[CSAT_Score (1-5)]]),"X")} -> Satisfied | L11: {=IFERROR(_xlfn.IFS(OR(TicketsTable[[#This Row],[CES_Score (1-7)]]=1,TicketsTable[[#This Row],[CES_Score (1-7)]]=2,TicketsTable[[#This Row],[CES_Score (1-7)]]=3),"High Effort",OR(TicketsTable[[#This Row],[CES_Score (1-7)]]=6,TicketsTable[[#This Row],[CES_Score (1-7)]]=7),"Low Effort",OR(TicketsTable[[#This Row],[CES_Score (1-7)]]=4,TicketsTable[[#This Row],[CES_Score (1-7)]]=5),"Neutral"),"No Response")} -> Low Effort | P11: Count of CSAT Status | Q11: Column Labels | U11: Grand Total | V11: 0.62373737 | W11: 0.37626263 | X11: 1
A12: TCK-20405 | B12: 46029 | C12: CUST-1254 | D12: Social Media | E12: Tom Becker | F12: Technical Support | G12: Yes | H12: 3.3 | I12: 5 | J12: 5 | K12: {=_xlfn.IFS(TicketsTable[[#This Row],[CSAT_Score (1-5)]]>=4,"Satisfied",TicketsTable[[#This Row],[CSAT_Score (1-5)]]>=1,"Unsatisfied",ISBLANK(TicketsTable[[#This Row],[CSAT_Score (1-5)]]),"X")} -> Satisfied | L12: {=IFERROR(_xlfn.IFS(OR(TicketsTable[[#This Row],[CES_Score (1-7)]]=1,TicketsTable[[#This Row],[CES_Score (1-7)]]=2,TicketsTable[[#This Row],[CES_Score (1-7)]]=3),"High Effort",OR(TicketsTable[[#This Row],[CES_Score (1-7)]]=6,TicketsTable[[#This Row],[CES_Score (1-7)]]=7),"Low Effort",OR(TicketsTable[[#This Row],[CES_Score (1-7)]]=4,TicketsTable[[#This Row],[CES_Score (1-7)]]=5),"Neutral"),"No Response")} -> Neutral | P12: Row Labels | Q12: Satisfied | R12: Unsatisfied | S12: Grand Total
A13: TCK-20669 | B13: 46029 | C13: CUST-1205 | D13: Email | E13: Priya Nair | F13: Billing Issue | G13: Yes | H13: 0.3 | I13: 5 | J13: 7 | K13: {=_xlfn.IFS(TicketsTable[[#This Row],[CSAT_Score (1-5)]]>=4,"Satisfied",TicketsTable[[#This Row],[CSAT_Score (1-5)]]>=1,"Unsatisfied",ISBLANK(TicketsTable[[#This Row],[CSAT_Score (1-5)]]),"X")} -> Satisfied | L13: {=IFERROR(_xlfn.IFS(OR(TicketsTable[[#This Row],[CES_Score (1-7)]]=1,TicketsTable[[#This Row],[CES_Score (1-7)]]=2,TicketsTable[[#This Row],[CES_Score (1-7)]]=3),"High Effort",OR(TicketsTable[[#This Row],[CES_Score (1-7)]]=6,TicketsTable[[#This Row],[CES_Score (1-7)]]=7),"Low Effort",OR(TicketsTable[[#This Row],[CES_Score (1-7)]]=4,TicketsTable[[#This Row],[CES_Score (1-7)]]=5),"Neutral"),"No Response")} -> Low Effort | N13: =P13 -> Email | O13: =Q13 -> 0.56122449 | P13: Email | Q13: 0.56122449 | R13: 0.43877551 | S13: 1 | U13: Count of CSAT Status | V13: Column Labels
A14: TCK-20493 | B14: 46030 | C14: CUST-1246 | D14: Live Chat | E14: James Okafor | F14: Product Defect | G14: Yes | H14: 1.1 | I14: 5 | J14: 5 | K14: {=_xlfn.IFS(TicketsTable[[#This Row],[CSAT_Score (1-5)]]>=4,"Satisfied",TicketsTable[[#This Row],[CSAT_Score (1-5)]]>=1,"Unsatisfied",ISBLANK(TicketsTable[[#This Row],[CSAT_Score (1-5)]]),"X")} -> Satisfied | L14: {=IFERROR(_xlfn.IFS(OR(TicketsTable[[#This Row],[CES_Score (1-7)]]=1,TicketsTable[[#This Row],[CES_Score (1-7)]]=2,TicketsTable[[#This Row],[CES_Score (1-7)]]=3),"High Effort",OR(TicketsTable[[#This Row],[CES_Score (1-7)]]=6,TicketsTable[[#This Row],[CES_Score (1-7)]]=7),"Low Effort",OR(TicketsTable[[#This Row],[CES_Score (1-7)]]=4,TicketsTable[[#This Row],[CES_Score (1-7)]]=5),"Neutral"),"No Response")} -> Neutral | N14: =P14 -> Live Chat | O14: =Q14 -> 0.68361582 | P14: Live Chat | Q14: 0.68361582 | R14: 0.31638418 | S14: 1 | U14: Row Labels | V14: Satisfied | W14: Unsatisfied | X14: Grand Total
A15: TCK-20677 | B15: 46030 | C15: CUST-1061 | D15: Phone | E15: Grace Kim | F15: Account Access | G15: Yes | H15: 3.4 | I15: 5 | J15: 6 | K15: {=_xlfn.IFS(TicketsTable[[#This Row],[CSAT_Score (1-5)]]>=4,"Satisfied",TicketsTable[[#This Row],[CSAT_Score (1-5)]]>=1,"Unsatisfied",ISBLANK(TicketsTable[[#This Row],[CSAT_Score (1-5)]]),"X")} -> Satisfied | L15: {=IFERROR(_xlfn.IFS(OR(TicketsTable[[#This Row],[CES_Score (1-7)]]=1,TicketsTable[[#This Row],[CES_Score (1-7)]]=2,TicketsTable[[#This Row],[CES_Score (1-7)]]=3),"High Effort",OR(TicketsTable[[#This Row],[CES_Score (1-7)]]=6,TicketsTable[[#This Row],[CES_Score (1-7)]]=7),"Low Effort",OR(TicketsTable[[#This Row],[CES_Score (1-7)]]=4,TicketsTable[[#This Row],[CES_Score (1-7)]]=5),"Neutral"),"No Response")} -> Low Effort | N15: =P15 -> Phone | O15: =Q15 -> 0.67058824 | P15: Phone | Q15: 0.67058824 | R15: 0.32941176 | S15: 1 | U15: Active | V15: 0.62280702 | W15: 0.37719298 | X15: 1
A16: TCK-20520 | B16: 46031 | C16: CUST-1169 | D16: Live Chat | E16: Liu Wei | F16: Order Delay | G16: Yes | H16: 0.4 | I16: 4 | J16: 7 | K16: {=_xlfn.IFS(TicketsTable[[#This Row],[CSAT_Score (1-5)]]>=4,"Satisfied",TicketsTable[[#This Row],[CSAT_Score (1-5)]]>=1,"Unsatisfied",ISBLANK(TicketsTable[[#This Row],[CSAT_Score (1-5)]]),"X")} -> Satisfied | L16: {=IFERROR(_xlfn.IFS(OR(TicketsTable[[#This Row],[CES_Score (1-7)]]=1,TicketsTable[[#This Row],[CES_Score (1-7)]]=2,TicketsTable[[#This Row],[CES_Score (1-7)]]=3),"High Effort",OR(TicketsTable[[#This Row],[CES_Score (1-7)]]=6,TicketsTable[[#This Row],[CES_Score (1-7)]]=7),"Low Effort",OR(TicketsTable[[#This Row],[CES_Score (1-7)]]=4,TicketsTable[[#This Row],[CES_Score (1-7)]]=5),"Neutral"),"No Response")} -> Low Effort | N16: =P16 -> Social Media | O16: =Q16 -> 0.38888889 | P16: Social Media | Q16: 0.38888889 | R16: 0.61111111 | S16: 1 | U16: Churned | V16: 0.62962963 | W16: 0.37037037 | X16: 1
A17: TCK-20666 | B17: 46031 | C17: CUST-1162 | D17: Social Media | E17: Liu Wei | F17: Product Defect | G17: Yes | H17: 0.8 | I17: 5 | J17: 6 | K17: {=_xlfn.IFS(TicketsTable[[#This Row],[CSAT_Score (1-5)]]>=4,"Satisfied",TicketsTable[[#This Row],[CSAT_Score (1-5)]]>=1,"Unsatisfied",ISBLANK(TicketsTable[[#This Row],[CSAT_Score (1-5)]]),"X")} -> Satisfied | L17: {=IFERROR(_xlfn.IFS(OR(TicketsTable[[#This Row],[CES_Score (1-7)]]=1,TicketsTable[[#This Row],[CES_Score (1-7)]]=2,TicketsTable[[#This Row],[CES_Score (1-7)]]=3),"High Effort",OR(TicketsTable[[#This Row],[CES_Score (1-7)]]=6,TicketsTable[[#This Row],[CES_Score (1-7)]]=7),"Low Effort",OR(TicketsTable[[#This Row],[CES_Score (1-7)]]=4,TicketsTable[[#This Row],[CES_Score (1-7)]]=5),"Neutral"),"No Response")} -> Low Effort | P17: Grand Total | Q17: 0.62373737 | R17: 0.37626263 | S17: 1 | U17: Grand Total | V17: 0.62373737 | W17: 0.37626263 | X17: 1
A18: TCK-20699 | B18: 46031 | C18: CUST-1220 | D18: Phone | E18: James Okafor | F18: Product Defect | G18: Yes | H18: 1.8 | I18: 3 | J18: 7 | K18: {=_xlfn.IFS(TicketsTable[[#This Row],[CSAT_Score (1-5)]]>=4,"Satisfied",TicketsTable[[#This Row],[CSAT_Score (1-5)]]>=1,"Unsatisfied",ISBLANK(TicketsTable[[#This Row],[CSAT_Score (1-5)]]),"X")} -> Unsatisfied | L18: {=IFERROR(_xlfn.IFS(OR(TicketsTable[[#This Row],[CES_Score (1-7)]]=1,TicketsTable[[#This Row],[CES_Score (1-7)]]=2,TicketsTable[[#This Row],[CES_Score (1-7)]]=3),"High Effort",OR(TicketsTable[[#This Row],[CES_Score (1-7)]]=6,TicketsTable[[#This Row],[CES_Score (1-7)]]=7),"Low Effort",OR(TicketsTable[[#This Row],[CES_Score (1-7)]]=4,TicketsTable[[#This Row],[CES_Score (1-7)]]=5),"Neutral"),"No Response")} -> Low Effort
A19: TCK-20373 | B19: 46032 | C19: CUST-1046 | D19: Live Chat | E19: Nadia Petrov | F19: Order Delay | G19: Yes | H19: 0.1 | I19: 4 | K19: {=_xlfn.IFS(TicketsTable[[#This Row],[CSAT_Score (1-5)]]>=4,"Satisfied",TicketsTable[[#This Row],[CSAT_Score (1-5)]]>=1,"Unsatisfied",ISBLANK(TicketsTable[[#This Row],[CSAT_Score (1-5)]]),"X")} -> Satisfied | L19: {=IFERROR(_xlfn.IFS(OR(TicketsTable[[#This Row],[CES_Score (1-7)]]=1,TicketsTable[[#This Row],[CES_Score (1-7)]]=2,TicketsTable[[#This Row],[CES_Score (1-7)]]=3),"High Effort",OR(TicketsTable[[#This Row],[CES_Score (1-7)]]=6,TicketsTable[[#This Row],[CES_Score (1-7)]]=7),"Low Effort",OR(TicketsTable[[#This Row],[CES_Score (1-7)]]=4,TicketsTable[[#This Row],[CES_Score (1-7)]]=5),"Neutral"),"No Response")} -> No Response | P19: Count of CSAT Status | Q19: Column Labels
A20: TCK-20641 | B20: 46032 | C20: CUST-1092 | D20: Phone | E20: Nadia Petrov | F20: Account Access | G20: Yes | H20: 3.5 | I20: 3 | J20: 4 | K20: {=_xlfn.IFS(TicketsTable[[#This Row],[CSAT_Score (1-5)]]>=4,"Satisfied",TicketsTable[[#This Row],[CSAT_Score (1-5)]]>=1,"Unsatisfied",ISBLANK(TicketsTable[[#This Row],[CSAT_Score (1-5)]]),"X")} -> Unsatisfied | L20: {=IFERROR(_xlfn.IFS(OR(TicketsTable[[#This Row],[CES_Score (1-7)]]=1,TicketsTable[[#This Row],[CES_Score (1-7)]]=2,TicketsTable[[#This Row],[CES_Score (1-7)]]=3),"High Effort",OR(TicketsTable[[#This Row],[CES_Score (1-7)]]=6,TicketsTable[[#This Row],[CES_Score (1-7)]]=7),"Low Effort",OR(TicketsTable[[#This Row],[CES_Score (1-7)]]=4,TicketsTable[[#This Row],[CES_Score (1-7)]]=5),"Neutral"),"No Response")} -> Neutral | P20: Row Labels | Q20: Satisfied | R20: Unsatisfied | S20: Grand Total | U20: Count of CSAT Status | V20: Column Labels
A21: TCK-20447 | B21: 46033 | C21: CUST-1078 | D21: Social Media | E21: Nadia Petrov | F21: Order Delay | G21: No | H21: 45.9 | I21: 2 | J21: 2 | K21: {=_xlfn.IFS(TicketsTable[[#This Row],[CSAT_Score (1-5)]]>=4,"Satisfied",TicketsTable[[#This Row],[CSAT_Score (1-5)]]>=1,"Unsatisfied",ISBLANK(TicketsTable[[#This Row],[CSAT_Score (1-5)]]),"X")} -> Unsatisfied | L21: {=IFERROR(_xlfn.IFS(OR(TicketsTable[[#This Row],[CES_Score (1-7)]]=1,TicketsTable[[#This Row],[CES_Score (1-7)]]=2,TicketsTable[[#This Row],[CES_Score (1-7)]]=3),"High Effort",OR(TicketsTable[[#This Row],[CES_Score (1-7)]]=6,TicketsTable[[#This Row],[CES_Score (1-7)]]=7),"Low Effort",OR(TicketsTable[[#This Row],[CES_Score (1-7)]]=4,TicketsTable[[#This Row],[CES_Score (1-7)]]=5),"Neutral"),"No Response")} -> High Effort | N21: =P21 -> Ahmed Hassan | O21: =Q21 -> 0.64 | P21: Ahmed Hassan | Q21: 0.64 | R21: 0.36 | S21: 1 | U21: Row Labels | V21: Satisfied | W21: Unsatisfied | X21: Grand Total
A22: TCK-20469 | B22: 46033 | C22: CUST-1112 | D22: Phone | E22: Priya Nair | F22: Order Delay | G22: Yes | H22: 0.3 | I22: 5 | J22: 6 | K22: {=_xlfn.IFS(TicketsTable[[#This Row],[CSAT_Score (1-5)]]>=4,"Satisfied",TicketsTable[[#This Row],[CSAT_Score (1-5)]]>=1,"Unsatisfied",ISBLANK(TicketsTable[[#This Row],[CSAT_Score (1-5)]]),"X")} -> Satisfied | L22: {=IFERROR(_xlfn.IFS(OR(TicketsTable[[#This Row],[CES_Score (1-7)]]=1,TicketsTable[[#This Row],[CES_Score (1-7)]]=2,TicketsTable[[#This Row],[CES_Score (1-7)]]=3),"High Effort",OR(TicketsTable[[#This Row],[CES_Score (1-7)]]=6,TicketsTable[[#This Row],[CES_Score (1-7)]]=7),"Low Effort",OR(TicketsTable[[#This Row],[CES_Score (1-7)]]=4,TicketsTable[[#This Row],[CES_Score (1-7)]]=5),"Neutral"),"No Response")} -> Low Effort | N22: =P22 -> Daniel Ortiz | O22: =Q22 -> 0.575 | P22: Daniel Ortiz | Q22: 0.575 | R22: 0.425 | S22: 1 | U22: Jan | V22: 0.55769231 | W22: 0.44230769 | X22: 1 | Y22: =U22 -> Jan | Z22: =V22 -> 0.55769231
A23: TCK-20739 | B23: 46033 | C23: CUST-1226 | D23: Live Chat | E23: Daniel Ortiz | F23: Billing Issue | G23: Yes | H23: 3.8 | I23: 3 | K23: {=_xlfn.IFS(TicketsTable[[#This Row],[CSAT_Score (1-5)]]>=4,"Satisfied",TicketsTable[[#This Row],[CSAT_Score (1-5)]]>=1,"Unsatisfied",ISBLANK(TicketsTable[[#This Row],[CSAT_Score (1-5)]]),"X")} -> Unsatisfied | L23: {=IFERROR(_xlfn.IFS(OR(TicketsTable[[#This Row],[CES_Score (1-7)]]=1,TicketsTable[[#This Row],[CES_Score (1-7)]]=2,TicketsTable[[#This Row],[CES_Score (1-7)]]=3),"High Effort",OR(TicketsTable[[#This Row],[CES_Score (1-7)]]=6,TicketsTable[[#This Row],[CES_Score (1-7)]]=7),"Low Effort",OR(TicketsTable[[#This Row],[CES_Score (1-7)]]=4,TicketsTable[[#This Row],[CES_Score (1-7)]]=5),"Neutral"),"No Response")} -> No Response | N23: =P23 -> Grace Kim | O23: =Q23 -> 0.57142857 | P23: Grace Kim | Q23: 0.57142857 | R23: 0.42857143 | S23: 1 | U23: Feb | V23: 0.55 | W23: 0.45 | X23: 1 | Y23: =U23 -> Feb | Z23: =V23 -> 0.55
A24: TCK-20423 | B24: 46034 | C24: CUST-1004 | D24: Phone | E24: Liu Wei | F24: Product Defect | G24: No | H24: 68.9 | I24: 3 | J24: 2 | K24: {=_xlfn.IFS(TicketsTable[[#This Row],[CSAT_Score (1-5)]]>=4,"Satisfied",TicketsTable[[#This Row],[CSAT_Score (1-5)]]>=1,"Unsatisfied",ISBLANK(TicketsTable[[#This Row],[CSAT_Score (1-5)]]),"X")} -> Unsatisfied | L24: {=IFERROR(_xlfn.IFS(OR(TicketsTable[[#This Row],[CES_Score (1-7)]]=1,TicketsTable[[#This Row],[CES_Score (1-7)]]=2,TicketsTable[[#This Row],[CES_Score (1-7)]]=3),"High Effort",OR(TicketsTable[[#This Row],[CES_Score (1-7)]]=6,TicketsTable[[#This Row],[CES_Score (1-7)]]=7),"Low Effort",OR(TicketsTable[[#This Row],[CES_Score (1-7)]]=4,TicketsTable[[#This Row],[CES_Score (1-7)]]=5),"Neutral"),"No Response")} -> High Effort | N24: =P24 -> James Okafor | O24: =Q24 -> 0.61111111 | P24: James Okafor | Q24: 0.61111111 | R24: 0.38888889 | S24: 1 | U24: Mar | V24: 0.64473684 | W24: 0.35526316 | X24: 1 | Y24: =U24 -> Mar | Z24: =V24 -> 0.64473684
A25: TCK-20480 | B25: 46034 | C25: CUST-1219 | D25: Live Chat | E25: Grace Kim | F25: Technical Support | G25: Yes | H25: 2.7 | I25: 5 | J25: 4 | K25: {=_xlfn.IFS(TicketsTable[[#This Row],[CSAT_Score (1-5)]]>=4,"Satisfied",TicketsTable[[#This Row],[CSAT_Score (1-5)]]>=1,"Unsatisfied",ISBLANK(TicketsTable[[#This Row],[CSAT_Score (1-5)]]),"X")} -> Satisfied | L25: {=IFERROR(_xlfn.IFS(OR(TicketsTable[[#This Row],[CES_Score (1-7)]]=1,TicketsTable[[#This Row],[CES_Score (1-7)]]=2,TicketsTable[[#This Row],[CES_Score (1-7)]]=3),"High Effort",OR(TicketsTable[[#This Row],[CES_Score (1-7)]]=6,TicketsTable[[#This Row],[CES_Score (1-7)]]=7),"Low Effort",OR(TicketsTable[[#This Row],[CES_Score (1-7)]]=4,TicketsTable[[#This Row],[CES_Score (1-7)]]=5),"Neutral"),"No Response")} -> Neutral | N25: =P25 -> Liu Wei | O25: =Q25 -> 0.63461538 | P25: Liu Wei | Q25: 0.63461538 | R25: 0.36538462 | S25: 1 | U25: Apr | V25: 0.734375 | W25: 0.265625 | X25: 1 | Y25: =U25 -> Apr | Z25: =V25 -> 0.734375
A26: TCK-20638 | B26: 46034 | C26: CUST-1088 | D26: Live Chat | E26: James Okafor | F26: Product Defect | G26: Yes | H26: 0.8 | I26: 4 | J26: 6 | K26: {=_xlfn.IFS(TicketsTable[[#This Row],[CSAT_Score (1-5)]]>=4,"Satisfied",TicketsTable[[#This Row],[CSAT_Score (1-5)]]>=1,"Unsatisfied",ISBLANK(TicketsTable[[#This Row],[CSAT_Score (1-5)]]),"X")} -> Satisfied | L26: {=IFERROR(_xlfn.IFS(OR(TicketsTable[[#This Row],[CES_Score (1-7)]]=1,TicketsTable[[#This Row],[CES_Score (1-7)]]=2,TicketsTable[[#This Row],[CES_Score (1-7)]]=3),"High Effort",OR(TicketsTable[[#This Row],[CES_Score (1-7)]]=6,TicketsTable[[#This Row],[CES_Score (1-7)]]=7),"Low Effort",OR(TicketsTable[[#This Row],[CES_Score (1-7)]]=4,TicketsTable[[#This Row],[CES_Score (1-7)]]=5),"Neutral"),"No Response")} -> Low Effort | N26: =P26 -> Maria Santos | O26: =Q26 -> 0.51851852 | P26: Maria Santos | Q26: 0.51851852 | R26: 0.48148148 | S26: 1 | U26: May | V26: 0.65333333 | W26: 0.34666667 | X26: 1 | Y26: =U26 -> May | Z26: =V26 -> 0.65333333
A27: TCK-20734 | B27: 46034 | C27: CUST-1002 | D27: Live Chat | E27: Nadia Petrov | F27: Product Defect | G27: No | H27: 49.6 | J27: 1 | K27: {=_xlfn.IFS(TicketsTable[[#This Row],[CSAT_Score (1-5)]]>=4,"Satisfied",TicketsTable[[#This Row],[CSAT_Score (1-5)]]>=1,"Unsatisfied",ISBLANK(TicketsTable[[#This Row],[CSAT_Score (1-5)]]),"X")} -> X | L27: {=IFERROR(_xlfn.IFS(OR(TicketsTable[[#This Row],[CES_Score (1-7)]]=1,TicketsTable[[#This Row],[CES_Score (1-7)]]=2,TicketsTable[[#This Row],[CES_Score (1-7)]]=3),"High Effort",OR(TicketsTable[[#This Row],[CES_Score (1-7)]]=6,TicketsTable[[#This Row],[CES_Score (1-7)]]=7),"Low Effort",OR(TicketsTable[[#This Row],[CES_Score (1-7)]]=4,TicketsTable[[#This Row],[CES_Score (1-7)]]=5),"Neutral"),"No Response")} -> High Effort | N27: =P27 -> Nadia Petrov | O27: =Q27 -> 0.63414634 | P27: Nadia Petrov | Q27: 0.63414634 | R27: 0.36585366 | S27: 1 | U27: Jun | V27: 0.57971014 | W27: 0.42028986 | X27: 1 | Y27: =U27 -> Jun | Z27: =V27 -> 0.57971014
A28: TCK-20394 | B28: 46035 | C28: CUST-1243 | D28: Social Media | E28: Sofia Rossi | F28: Order Delay | G28: No | H28: 24.6 | I28: 2 | J28: 1 | K28: {=_xlfn.IFS(TicketsTable[[#This Row],[CSAT_Score (1-5)]]>=4,"Satisfied",TicketsTable[[#This Row],[CSAT_Score (1-5)]]>=1,"Unsatisfied",ISBLANK(TicketsTable[[#This Row],[CSAT_Score (1-5)]]),"X")} -> Unsatisfied | L28: {=IFERROR(_xlfn.IFS(OR(TicketsTable[[#This Row],[CES_Score (1-7)]]=1,TicketsTable[[#This Row],[CES_Score (1-7)]]=2,TicketsTable[[#This Row],[CES_Score (1-7)]]=3),"High Effort",OR(TicketsTable[[#This Row],[CES_Score (1-7)]]=6,TicketsTable[[#This Row],[CES_Score (1-7)]]=7),"Low Effort",OR(TicketsTable[[#This Row],[CES_Score (1-7)]]=4,TicketsTable[[#This Row],[CES_Score (1-7)]]=5),"Neutral"),"No Response")} -> High Effort | N28: =P28 -> Priya Nair | O28: =Q28 -> 0.75 | P28: Priya Nair | Q28: 0.75 | R28: 0.25 | S28: 1 | U28: Grand Total | V28: 0.62373737 | W28: 0.37626263 | X28: 1
A29: TCK-20572 | B29: 46036 | C29: CUST-1214 | D29: Live Chat | E29: Grace Kim | F29: Product Defect | G29: Yes | H29: 4.1 | I29: 3 | J29: 4 | K29: {=_xlfn.IFS(TicketsTable[[#This Row],[CSAT_Score (1-5)]]>=4,"Satisfied",TicketsTable[[#This Row],[CSAT_Score (1-5)]]>=1,"Unsatisfied",ISBLANK(TicketsTable[[#This Row],[CSAT_Score (1-5)]]),"X")} -> Unsatisfied | L29: {=IFERROR(_xlfn.IFS(OR(TicketsTable[[#This Row],[CES_Score (1-7)]]=1,TicketsTable[[#This Row],[CES_Score (1-7)]]=2,TicketsTable[[#This Row],[CES_Score (1-7)]]=3),"High Effort",OR(TicketsTable[[#This Row],[CES_Score (1-7)]]=6,TicketsTable[[#This Row],[CES_Score (1-7)]]=7),"Low Effort",OR(TicketsTable[[#This Row],[CES_Score (1-7)]]=4,TicketsTable[[#This Row],[CES_Score (1-7)]]=5),"Neutral"),"No Response")} -> Neutral | N29: =P29 -> Sofia Rossi | O29: =Q29 -> 0.53488372 | P29: Sofia Rossi | Q29: 0.53488372 | R29: 0.46511628 | S29: 1
A30: TCK-20614 | B30: 46036 | C30: CUST-1149 | D30: Phone | E30: Nadia Petrov | F30: Order Delay | G30: Yes | H30: 0.7 | J30: 5 | K30: {=_xlfn.IFS(TicketsTable[[#This Row],[CSAT_Score (1-5)]]>=4,"Satisfied",TicketsTable[[#This Row],[CSAT_Score (1-5)]]>=1,"Unsatisfied",ISBLANK(TicketsTable[[#This Row],[CSAT_Score (1-5)]]),"X")} -> X | L30: {=IFERROR(_xlfn.IFS(OR(TicketsTable[[#This Row],[CES_Score (1-7)]]=1,TicketsTable[[#This Row],[CES_Score (1-7)]]=2,TicketsTable[[#This Row],[CES_Score (1-7)]]=3),"High Effort",OR(TicketsTable[[#This Row],[CES_Score (1-7)]]=6,TicketsTable[[#This Row],[CES_Score (1-7)]]=7),"Low Effort",OR(TicketsTable[[#This Row],[CES_Score (1-7)]]=4,TicketsTable[[#This Row],[CES_Score (1-7)]]=5),"Neutral"),"No Response")} -> Neutral | N30: =P30 -> Tom Becker | O30: =Q30 -> 0.79310345 | P30: Tom Becker | Q30: 0.79310345 | R30: 0.20689655 | S30: 1
A31: TCK-20534 | B31: 46037 | C31: CUST-1136 | D31: Email | E31: James Okafor | F31: Technical Support | G31: Yes | H31: 1 | I31: 3 | J31: 5 | K31: {=_xlfn.IFS(TicketsTable[[#This Row],[CSAT_Score (1-5)]]>=4,"Satisfied",TicketsTable[[#This Row],[CSAT_Score (1-5)]]>=1,"Unsatisfied",ISBLANK(TicketsTable[[#This Row],[CSAT_Score (1-5)]]),"X")} -> Unsatisfied | L31: {=IFERROR(_xlfn.IFS(OR(TicketsTable[[#This Row],[CES_Score (1-7)]]=1,TicketsTable[[#This Row],[CES_Score (1-7)]]=2,TicketsTable[[#This Row],[CES_Score (1-7)]]=3),"High Effort",OR(TicketsTable[[#This Row],[CES_Score (1-7)]]=6,TicketsTable[[#This Row],[CES_Score (1-7)]]=7),"Low Effort",OR(TicketsTable[[#This Row],[CES_Score (1-7)]]=4,TicketsTable[[#This Row],[CES_Score (1-7)]]=5),"Neutral"),"No Response")} -> Neutral | P31: Grand Total | Q31: 0.62373737 | R31: 0.37626263 | S31: 1 | U31: Row Labels | V31: Count of CSAT Status
A32: TCK-20359 | B32: 46038 | C32: CUST-1222 | D32: Email | E32: Liu Wei | F32: Product Defect | G32: Yes | H32: 1.5 | I32: 5 | J32: 5 | K32: {=_xlfn.IFS(TicketsTable[[#This Row],[CSAT_Score (1-5)]]>=4,"Satisfied",TicketsTable[[#This Row],[CSAT_Score (1-5)]]>=1,"Unsatisfied",ISBLANK(TicketsTable[[#This Row],[CSAT_Score (1-5)]]),"X")} -> Satisfied | L32: {=IFERROR(_xlfn.IFS(OR(TicketsTable[[#This Row],[CES_Score (1-7)]]=1,TicketsTable[[#This Row],[CES_Score (1-7)]]=2,TicketsTable[[#This Row],[CES_Score (1-7)]]=3),"High Effort",OR(TicketsTable[[#This Row],[CES_Score (1-7)]]=6,TicketsTable[[#This Row],[CES_Score (1-7)]]=7),"Low Effort",OR(TicketsTable[[#This Row],[CES_Score (1-7)]]=4,TicketsTable[[#This Row],[CES_Score (1-7)]]=5),"Neutral"),"No Response")} -> Neutral | U32: Satisfied | V32: 0.62373737 | W32: =U32 -> Satisfied | X32: =V32 -> 0.62373737
A33: TCK-20364 | B33: 46038 | C33: CUST-1113 | D33: Live Chat | E33: Ahmed Hassan | F33: Product Defect | G33: Yes | H33: 2.9 | I33: 4 | J33: 4 | K33: {=_xlfn.IFS(TicketsTable[[#This Row],[CSAT_Score (1-5)]]>=4,"Satisfied",TicketsTable[[#This Row],[CSAT_Score (1-5)]]>=1,"Unsatisfied",ISBLANK(TicketsTable[[#This Row],[CSAT_Score (1-5)]]),"X")} -> Satisfied | L33: {=IFERROR(_xlfn.IFS(OR(TicketsTable[[#This Row],[CES_Score (1-7)]]=1,TicketsTable[[#This Row],[CES_Score (1-7)]]=2,TicketsTable[[#This Row],[CES_Score (1-7)]]=3),"High Effort",OR(TicketsTable[[#This Row],[CES_Score (1-7)]]=6,TicketsTable[[#This Row],[CES_Score (1-7)]]=7),"Low Effort",OR(TicketsTable[[#This Row],[CES_Score (1-7)]]=4,TicketsTable[[#This Row],[CES_Score (1-7)]]=5),"Neutral"),"No Response")} -> Neutral | P33: Count of CSAT Status | Q33: Column Labels | U33: Unsatisfied | V33: 0.37626263 | W33: =U33 -> Unsatisfied | X33: =V33 -> 0.37626263
A34: TCK-20711 | B34: 46038 | C34: CUST-1102 | D34: Live Chat | E34: Liu Wei | F34: Product Defect | G34: Yes | H34: 3.5 | I34: 4 | J34: 7 | K34: {=_xlfn.IFS(TicketsTable[[#This Row],[CSAT_Score (1-5)]]>=4,"Satisfied",TicketsTable[[#This Row],[CSAT_Score (1-5)]]>=1,"Unsatisfied",ISBLANK(TicketsTable[[#This Row],[CSAT_Score (1-5)]]),"X")} -> Satisfied | L34: {=IFERROR(_xlfn.IFS(OR(TicketsTable[[#This Row],[CES_Score (1-7)]]=1,TicketsTable[[#This Row],[CES_Score (1-7)]]=2,TicketsTable[[#This Row],[CES_Score (1-7)]]=3),"High Effort",OR(TicketsTable[[#This Row],[CES_Score (1-7)]]=6,TicketsTable[[#This Row],[CES_Score (1-7)]]=7),"Low Effort",OR(TicketsTable[[#This Row],[CES_Score (1-7)]]=4,TicketsTable[[#This Row],[CES_Score (1-7)]]=5),"Neutral"),"No Response")} -> Low Effort | P34: Row Labels | Q34: Satisfied | R34: Unsatisfied | S34: Grand Total | U34: Grand Total | V34: 1
A35: TCK-20365 | B35: 46039 | C35: CUST-1101 | D35: Phone | E35: Grace Kim | F35: Technical Support | G35: Yes | H35: 3.8 | I35: 3 | J35: 4 | K35: {=_xlfn.IFS(TicketsTable[[#This Row],[CSAT_Score (1-5)]]>=4,"Satisfied",TicketsTable[[#This Row],[CSAT_Score (1-5)]]>=1,"Unsatisfied",ISBLANK(TicketsTable[[#This Row],[CSAT_Score (1-5)]]),"X")} -> Unsatisfied | L35: {=IFERROR(_xlfn.IFS(OR(TicketsTable[[#This Row],[CES_Score (1-7)]]=1,TicketsTable[[#This Row],[CES_Score (1-7)]]=2,TicketsTable[[#This Row],[CES_Score (1-7)]]=3),"High Effort",OR(TicketsTable[[#This Row],[CES_Score (1-7)]]=6,TicketsTable[[#This Row],[CES_Score (1-7)]]=7),"Low Effort",OR(TicketsTable[[#This Row],[CES_Score (1-7)]]=4,TicketsTable[[#This Row],[CES_Score (1-7)]]=5),"Neutral"),"No Response")} -> Neutral | N35: =P35 -> Account Access | O35: =Q35 -> 0.34782609 | P35: Account Access | Q35: 0.34782609 | R35: 0.65217391 | S35: 1
A36: TCK-20637 | B36: 46039 | C36: CUST-1103 | D36: Email | E36: Ahmed Hassan | F36: Product Defect | G36: No | H36: 43.2 | J36: 3 | K36: {=_xlfn.IFS(TicketsTable[[#This Row],[CSAT_Score (1-5)]]>=4,"Satisfied",TicketsTable[[#This Row],[CSAT_Score (1-5)]]>=1,"Unsatisfied",ISBLANK(TicketsTable[[#This Row],[CSAT_Score (1-5)]]),"X")} -> X | L36: {=IFERROR(_xlfn.IFS(OR(TicketsTable[[#This Row],[CES_Score (1-7)]]=1,TicketsTable[[#This Row],[CES_Score (1-7)]]=2,TicketsTable[[#This Row],[CES_Score (1-7)]]=3),"High Effort",OR(TicketsTable[[#This Row],[CES_Score (1-7)]]=6,TicketsTable[[#This Row],[CES_Score (1-7)]]=7),"Low Effort",OR(TicketsTable[[#This Row],[CES_Score (1-7)]]=4,TicketsTable[[#This Row],[CES_Score (1-7)]]=5),"Neutral"),"No Response")} -> High Effort | N36: =P36 -> Billing Issue | O36: =Q36 -> 0.68253968 | P36: Billing Issue | Q36: 0.68253968 | R36: 0.31746032 | S36: 1
A37: TCK-20276 | B37: 46040 | C37: CUST-1241 | D37: Live Chat | E37: Ahmed Hassan | F37: Order Delay | G37: Yes | H37: 2.9 | I37: 5 | J37: 7 | K37: {=_xlfn.IFS(TicketsTable[[#This Row],[CSAT_Score (1-5)]]>=4,"Satisfied",TicketsTable[[#This Row],[CSAT_Score (1-5)]]>=1,"Unsatisfied",ISBLANK(TicketsTable[[#This Row],[CSAT_Score (1-5)]]),"X")} -> Satisfied | L37: {=IFERROR(_xlfn.IFS(OR(TicketsTable[[#This Row],[CES_Score (1-7)]]=1,TicketsTable[[#This Row],[CES_Score (1-7)]]=2,TicketsTable[[#This Row],[CES_Score (1-7)]]=3),"High Effort",OR(TicketsTable[[#This Row],[CES_Score (1-7)]]=6,TicketsTable[[#This Row],[CES_Score (1-7)]]=7),"Low Effort",OR(TicketsTable[[#This Row],[CES_Score (1-7)]]=4,TicketsTable[[#This Row],[CES_Score (1-7)]]=5),"Neutral"),"No Response")} -> Low Effort | N37: =P37 -> Order Delay | O37: =Q37 -> 0.64444444 | P37: Order Delay | Q37: 0.64444444 | R37: 0.35555556 | S37: 1 | U37: Count of CSAT Status | V37: Column Labels
A38: TCK-20697 | B38: 46040 | C38: CUST-1255 | D38: Email | E38: Liu Wei | F38: Product Defect | G38: No | H38: 14.4 | I38: 1 | K38: {=_xlfn.IFS(TicketsTable[[#This Row],[CSAT_Score (1-5)]]>=4,"Satisfied",TicketsTable[[#This Row],[CSAT_Score (1-5)]]>=1,"Unsatisfied",ISBLANK(TicketsTable[[#This Row],[CSAT_Score (1-5)]]),"X")} -> Unsatisfied | L38: {=IFERROR(_xlfn.IFS(OR(TicketsTable[[#This Row],[CES_Score (1-7)]]=1,TicketsTable[[#This Row],[CES_Score (1-7)]]=2,TicketsTable[[#This Row],[CES_Score (1-7)]]=3),"High Effort",OR(TicketsTable[[#This Row],[CES_Score (1-7)]]=6,TicketsTable[[#This Row],[CES_Score (1-7)]]=7),"Low Effort",OR(TicketsTable[[#This Row],[CES_Score (1-7)]]=4,TicketsTable[[#This Row],[CES_Score (1-7)]]=5),"Neutral"),"No Response")} -> No Response | N38: =P38 -> Product Defect | O38: =Q38 -> 0.56164384 | P38: Product Defect | Q38: 0.56164384 | R38: 0.43835616 | S38: 1 | U38: Row Labels | V38: Satisfied | W38: Unsatisfied | X38: Grand Total
A39: TCK-20351 | B39: 46042 | C39: CUST-1254 | D39: Email | E39: Sofia Rossi | F39: Order Delay | G39: No | H39: 15.3 | J39: 4 | K39: {=_xlfn.IFS(TicketsTable[[#This Row],[CSAT_Score (1-5)]]>=4,"Satisfied",TicketsTable[[#This Row],[CSAT_Score (1-5)]]>=1,"Unsatisfied",ISBLANK(TicketsTable[[#This Row],[CSAT_Score (1-5)]]),"X")} -> X | L39: {=IFERROR(_xlfn.IFS(OR(TicketsTable[[#This Row],[CES_Score (1-7)]]=1,TicketsTable[[#This Row],[CES_Score (1-7)]]=2,TicketsTable[[#This Row],[CES_Score (1-7)]]=3),"High Effort",OR(TicketsTable[[#This Row],[CES_Score (1-7)]]=6,TicketsTable[[#This Row],[CES_Score (1-7)]]=7),"Low Effort",OR(TicketsTable[[#This Row],[CES_Score (1-7)]]=4,TicketsTable[[#This Row],[CES_Score (1-7)]]=5),"Neutral"),"No Response")} -> Neutral | N39: =P39 -> Return/Refund | O39: =Q39 -> 0.69491525 | P39: Return/Refund | Q39: 0.69491525 | R39: 0.30508475 | S39: 1 | U39: Consumer | V39: 0.63087248 | W39: 0.36912752 | X39: 1
A40: TCK-20261 | B40: 46043 | C40: CUST-1177 | D40: Social Media | E40: Tom Becker | F40: Technical Support | G40: Yes | H40: 3.7 | I40: 5 | J40: 4 | K40: {=_xlfn.IFS(TicketsTable[[#This Row],[CSAT_Score (1-5)]]>=4,"Satisfied",TicketsTable[[#This Row],[CSAT_Score (1-5)]]>=1,"Unsatisfied",ISBLANK(TicketsTable[[#This Row],[CSAT_Score (1-5)]]),"X")} -> Satisfied | L40: {=IFERROR(_xlfn.IFS(OR(TicketsTable[[#This Row],[CES_Score (1-7)]]=1,TicketsTable[[#This Row],[CES_Score (1-7)]]=2,TicketsTable[[#This Row],[CES_Score (1-7)]]=3),"High Effort",OR(TicketsTable[[#This Row],[CES_Score (1-7)]]=6,TicketsTable[[#This Row],[CES_Score (1-7)]]=7),"Low Effort",OR(TicketsTable[[#This Row],[CES_Score (1-7)]]=4,TicketsTable[[#This Row],[CES_Score (1-7)]]=5),"Neutral"),"No Response")} -> Neutral | N40: =P40 -> Technical Support | O40: =Q40 -> 0.63636364 | P40: Technical Support | Q40: 0.63636364 | R40: 0.36363636 | S40: 1 | U40: Small Business | V40: 0.60204082 | W40: 0.39795918 | X40: 1
A41: TCK-20660 | B41: 46043 | C41: CUST-1200 | D41: Phone | E41: Tom Becker | F41: Account Access | G41: Yes | H41: 0.8 | K41: {=_xlfn.IFS(TicketsTable[[#This Row],[CSAT_Score (1-5)]]>=4,"Satisfied",TicketsTable[[#This Row],[CSAT_Score (1-5)]]>=1,"Unsatisfied",ISBLANK(TicketsTable[[#This Row],[CSAT_Score (1-5)]]),"X")} -> X | L41: {=IFERROR(_xlfn.IFS(OR(TicketsTable[[#This Row],[CES_Score (1-7)]]=1,TicketsTable[[#This Row],[CES_Score (1-7)]]=2,TicketsTable[[#This Row],[CES_Score (1-7)]]=3),"High Effort",OR(TicketsTable[[#This Row],[CES_Score (1-7)]]=6,TicketsTable[[#This Row],[CES_Score (1-7)]]=7),"Low Effort",OR(TicketsTable[[#This Row],[CES_Score (1-7)]]=4,TicketsTable[[#This Row],[CES_Score (1-7)]]=5),"Neutral"),"No Response")} -> No Response | P41: Grand Total | Q41: 0.62373737 | R41: 0.37626263 | S41: 1 | U41: Grand Total | V41: 0.62373737 | W41: 0.37626263 | X41: 1
A42: TCK-20723 | B42: 46043 | C42: CUST-1251 | D42: Email | E42: Ahmed Hassan | F42: Account Access | G42: Yes | H42: 2 | I42: 3 | K42: {=_xlfn.IFS(TicketsTable[[#This Row],[CSAT_Score (1-5)]]>=4,"Satisfied",TicketsTable[[#This Row],[CSAT_Score (1-5)]]>=1,"Unsatisfied",ISBLANK(TicketsTable[[#This Row],[CSAT_Score (1-5)]]),"X")} -> Unsatisfied | L42: {=IFERROR(_xlfn.IFS(OR(TicketsTable[[#This Row],[CES_Score (1-7)]]=1,TicketsTable[[#This Row],[CES_Score (1-7)]]=2,TicketsTable[[#This Row],[CES_Score (1-7)]]=3),"High Effort",OR(TicketsTable[[#This Row],[CES_Score (1-7)]]=6,TicketsTable[[#This Row],[CES_Score (1-7)]]=7),"Low Effort",OR(TicketsTable[[#This Row],[CES_Score (1-7)]]=4,TicketsTable[[#This Row],[CES_Score (1-7)]]=5),"Neutral"),"No Response")} -> No Response
A43: TCK-20347 | B43: 46044 | C43: CUST-1158 | D43: Live Chat | E43: Priya Nair | F43: Account Access | G43: Yes | H43: 1.5 | I43: 5 | J43: 6 | K43: {=_xlfn.IFS(TicketsTable[[#This Row],[CSAT_Score (1-5)]]>=4,"Satisfied",TicketsTable[[#This Row],[CSAT_Score (1-5)]]>=1,"Unsatisfied",ISBLANK(TicketsTable[[#This Row],[CSAT_Score (1-5)]]),"X")} -> Satisfied | L43: {=IFERROR(_xlfn.IFS(OR(TicketsTable[[#This Row],[CES_Score (1-7)]]=1,TicketsTable[[#This Row],[CES_Score (1-7)]]=2,TicketsTable[[#This Row],[CES_Score (1-7)]]=3),"High Effort",OR(TicketsTable[[#This Row],[CES_Score (1-7)]]=6,TicketsTable[[#This Row],[CES_Score (1-7)]]=7),"Low Effort",OR(TicketsTable[[#This Row],[CES_Score (1-7)]]=4,TicketsTable[[#This Row],[CES_Score (1-7)]]=5),"Neutral"),"No Response")} -> Low Effort
A44: TCK-20608 | B44: 46044 | C44: CUST-1070 | D44: Email | E44: Ahmed Hassan | F44: Technical Support | G44: No | H44: 51.3 | I44: 2 | J44: 2 | K44: {=_xlfn.IFS(TicketsTable[[#This Row],[CSAT_Score (1-5)]]>=4,"Satisfied",TicketsTable[[#This Row],[CSAT_Score (1-5)]]>=1,"Unsatisfied",ISBLANK(TicketsTable[[#This Row],[CSAT_Score (1-5)]]),"X")} -> Unsatisfied | L44: {=IFERROR(_xlfn.IFS(OR(TicketsTable[[#This Row],[CES_Score (1-7)]]=1,TicketsTable[[#This Row],[CES_Score (1-7)]]=2,TicketsTable[[#This Row],[CES_Score (1-7)]]=3),"High Effort",OR(TicketsTable[[#This Row],[CES_Score (1-7)]]=6,TicketsTable[[#This Row],[CES_Score (1-7)]]=7),"Low Effort",OR(TicketsTable[[#This Row],[CES_Score (1-7)]]=4,TicketsTable[[#This Row],[CES_Score (1-7)]]=5),"Neutral"),"No Response")} -> High Effort
A45: TCK-20715 | B45: 46044 | C45: CUST-1160 | D45: Email | E45: James Okafor | F45: Technical Support | G45: Yes | H45: 1.7 | I45: 3 | J45: 6 | K45: {=_xlfn.IFS(TicketsTable[[#This Row],[CSAT_Score (1-5)]]>=4,"Satisfied",TicketsTable[[#This Row],[CSAT_Score (1-5)]]>=1,"Unsatisfied",ISBLANK(TicketsTable[[#This Row],[CSAT_Score (1-5)]]),"X")} -> Unsatisfied | L45: {=IFERROR(_xlfn.IFS(OR(TicketsTable[[#This Row],[CES_Score (1-7)]]=1,TicketsTable[[#This Row],[CES_Score (1-7)]]=2,TicketsTable[[#This Row],[CES_Score (1-7)]]=3),"High Effort",OR(TicketsTable[[#This Row],[CES_Score (1-7)]]=6,TicketsTable[[#This Row],[CES_Score (1-7)]]=7),"Low Effort",OR(TicketsTable[[#This Row],[CES_Score (1-7)]]=4,TicketsTable[[#This Row],[CES_Score (1-7)]]=5),"Neutral"),"No Response")} -> Low Effort
A46: TCK-20304 | B46: 46045 | C46: CUST-1181 | D46: Email | E46: Nadia Petrov | F46: Return/Refund | G46: Yes | H46: 1.8 | I46: 4 | K46: {=_xlfn.IFS(TicketsTable[[#This Row],[CSAT_Score (1-5)]]>=4,"Satisfied",TicketsTable[[#This Row],[CSAT_Score (1-5)]]>=1,"Unsatisfied",ISBLANK(TicketsTable[[#This Row],[CSAT_Score (1-5)]]),"X")} -> Satisfied | L46: {=IFERROR(_xlfn.IFS(OR(TicketsTable[[#This Row],[CES_Score (1-7)]]=1,TicketsTable[[#This Row],[CES_Score (1-7)]]=2,TicketsTable[[#This Row],[CES_Score (1-7)]]=3),"High Effort",OR(TicketsTable[[#This Row],[CES_Score (1-7)]]=6,TicketsTable[[#This Row],[CES_Score (1-7)]]=7),"Low Effort",OR(TicketsTable[[#This Row],[CES_Score (1-7)]]=4,TicketsTable[[#This Row],[CES_Score (1-7)]]=5),"Neutral"),"No Response")} -> No Response
A47: TCK-20412 | B47: 46045 | C47: CUST-1066 | D47: Email | E47: Ahmed Hassan | F47: Billing Issue | G47: No | H47: 30.1 | K47: {=_xlfn.IFS(TicketsTable[[#This Row],[CSAT_Score (1-5)]]>=4,"Satisfied",TicketsTable[[#This Row],[CSAT_Score (1-5)]]>=1,"Unsatisfied",ISBLANK(TicketsTable[[#This Row],[CSAT_Score (1-5)]]),"X")} -> X | L47: {=IFERROR(_xlfn.IFS(OR(TicketsTable[[#This Row],[CES_Score (1-7)]]=1,TicketsTable[[#This Row],[CES_Score (1-7)]]=2,TicketsTable[[#This Row],[CES_Score (1-7)]]=3),"High Effort",OR(TicketsTable[[#This Row],[CES_Score (1-7)]]=6,TicketsTable[[#This Row],[CES_Score (1-7)]]=7),"Low Effort",OR(TicketsTable[[#This Row],[CES_Score (1-7)]]=4,TicketsTable[[#This Row],[CES_Score (1-7)]]=5),"Neutral"),"No Response")} -> No Response
A48: TCK-20489 | B48: 46045 | C48: CUST-1141 | D48: Phone | E48: Sofia Rossi | F48: Return/Refund | G48: Yes | H48: 1 | J48: 7 | K48: {=_xlfn.IFS(TicketsTable[[#This Row],[CSAT_Score (1-5)]]>=4,"Satisfied",TicketsTable[[#This Row],[CSAT_Score (1-5)]]>=1,"Unsatisfied",ISBLANK(TicketsTable[[#This Row],[CSAT_Score (1-5)]]),"X")} -> X | L48: {=IFERROR(_xlfn.IFS(OR(TicketsTable[[#This Row],[CES_Score (1-7)]]=1,TicketsTable[[#This Row],[CES_Score (1-7)]]=2,TicketsTable[[#This Row],[CES_Score (1-7)]]=3),"High Effort",OR(TicketsTable[[#This Row],[CES_Score (1-7)]]=6,TicketsTable[[#This Row],[CES_Score (1-7)]]=7),"Low Effort",OR(TicketsTable[[#This Row],[CES_Score (1-7)]]=4,TicketsTable[[#This Row],[CES_Score (1-7)]]=5),"Neutral"),"No Response")} -> Low Effort
A49: TCK-20640 | B49: 46045 | C49: CUST-1145 | D49: Live Chat | E49: Grace Kim | F49: Return/Refund | G49: Yes | H49: 2.9 | I49: 4 | J49: 6 | K49: {=_xlfn.IFS(TicketsTable[[#This Row],[CSAT_Score (1-5)]]>=4,"Satisfied",TicketsTable[[#This Row],[CSAT_Score (1-5)]]>=1,"Unsatisfied",ISBLANK(TicketsTable[[#This Row],[CSAT_Score (1-5)]]),"X")} -> Satisfied | L49: {=IFERROR(_xlfn.IFS(OR(TicketsTable[[#This Row],[CES_Score (1-7)]]=1,TicketsTable[[#This Row],[CES_Score (1-7)]]=2,TicketsTable[[#This Row],[CES_Score (1-7)]]=3),"High Effort",OR(TicketsTable[[#This Row],[CES_Score (1-7)]]=6,TicketsTable[[#This Row],[CES_Score (1-7)]]=7),"Low Effort",OR(TicketsTable[[#This Row],[CES_Score (1-7)]]=4,TicketsTable[[#This Row],[CES_Score (1-7)]]=5),"Neutral"),"No Response")} -> Low Effort
A50: TCK-20332 | B50: 46046 | C50: CUST-1206 | D50: Email | E50: Tom Becker | F50: Return/Refund | G50: No | H50: 34.9 | I50: 2 | J50: 3 | K50: {=_xlfn.IFS(TicketsTable[[#This Row],[CSAT_Score (1-5)]]>=4,"Satisfied",TicketsTable[[#This Row],[CSAT_Score (1-5)]]>=1,"Unsatisfied",ISBLANK(TicketsTable[[#This Row],[CSAT_Score (1-5)]]),"X")} -> Unsatisfied | L50: {=IFERROR(_xlfn.IFS(OR(TicketsTable[[#This Row],[CES_Score (1-7)]]=1,TicketsTable[[#This Row],[CES_Score (1-7)]]=2,TicketsTable[[#This Row],[CES_Score (1-7)]]=3),"High Effort",OR(TicketsTable[[#This Row],[CES_Score (1-7)]]=6,TicketsTable[[#This Row],[CES_Score (1-7)]]=7),"Low Effort",OR(TicketsTable[[#This Row],[CES_Score (1-7)]]=4,TicketsTable[[#This Row],[CES_Score (1-7)]]=5),"Neutral"),"No Response")} -> High Effort
A51: TCK-20333 | B51: 46046 | C51: CUST-1234 | D51: Email | E51: Sofia Rossi | F51: Technical Support | G51: No | H51: 31 | I51: 3 | J51: 2 | K51: {=_xlfn.IFS(TicketsTable[[#This Row],[CSAT_Score (1-5)]]>=4,"Satisfied",TicketsTable[[#This Row],[CSAT_Score (1-5)]]>=1,"Unsatisfied",ISBLANK(TicketsTable[[#This Row],[CSAT_Score (1-5)]]),"X")} -> Unsatisfied | L51: {=IFERROR(_xlfn.IFS(OR(TicketsTable[[#This Row],[CES_Score (1-7)]]=1,TicketsTable[[#This Row],[CES_Score (1-7)]]=2,TicketsTable[[#This Row],[CES_Score (1-7)]]=3),"High Effort",OR(TicketsTable[[#This Row],[CES_Score (1-7)]]=6,TicketsTable[[#This Row],[CES_Score (1-7)]]=7),"Low Effort",OR(TicketsTable[[#This Row],[CES_Score (1-7)]]=4,TicketsTable[[#This Row],[CES_Score (1-7)]]=5),"Neutral"),"No Response")} -> High Effort
A52: TCK-20602 | B52: 46046 | C52: CUST-1111 | D52: Phone | E52: Nadia Petrov | F52: Technical Support | G52: Yes | H52: 0.1 | K52: {=_xlfn.IFS(TicketsTable[[#This Row],[CSAT_Score (1-5)]]>=4,"Satisfied",TicketsTable[[#This Row],[CSAT_Score (1-5)]]>=1,"Unsatisfied",ISBLANK(TicketsTable[[#This Row],[CSAT_Score (1-5)]]),"X")} -> X | L52: {=IFERROR(_xlfn.IFS(OR(TicketsTable[[#This Row],[CES_Score (1-7)]]=1,TicketsTable[[#This Row],[CES_Score (1-7)]]=2,TicketsTable[[#This Row],[CES_Score (1-7)]]=3),"High Effort",OR(TicketsTable[[#This Row],[CES_Score (1-7)]]=6,TicketsTable[[#This Row],[CES_Score (1-7)]]=7),"Low Effort",OR(TicketsTable[[#This Row],[CES_Score (1-7)]]=4,TicketsTable[[#This Row],[CES_Score (1-7)]]=5),"Neutral"),"No Response")} -> No Response
A53: TCK-20330 | B53: 46047 | C53: CUST-1069 | D53: Social Media | E53: Ahmed Hassan | F53: Technical Support | G53: No | H53: 63 | J53: 1 | K53: {=_xlfn.IFS(TicketsTable[[#This Row],[CSAT_Score (1-5)]]>=4,"Satisfied",TicketsTable[[#This Row],[CSAT_Score (1-5)]]>=1,"Unsatisfied",ISBLANK(TicketsTable[[#This Row],[CSAT_Score (1-5)]]),"X")} -> X | L53: {=IFERROR(_xlfn.IFS(OR(TicketsTable[[#This Row],[CES_Score (1-7)]]=1,TicketsTable[[#This Row],[CES_Score (1-7)]]=2,TicketsTable[[#This Row],[CES_Score (1-7)]]=3),"High Effort",OR(TicketsTable[[#This Row],[CES_Score (1-7)]]=6,TicketsTable[[#This Row],[CES_Score (1-7)]]=7),"Low Effort",OR(TicketsTable[[#This Row],[CES_Score (1-7)]]=4,TicketsTable[[#This Row],[CES_Score (1-7)]]=5),"Neutral"),"No Response")} -> High Effort
A54: TCK-20601 | B54: 46047 | C54: CUST-1227 | D54: Live Chat | E54: Ahmed Hassan | F54: Order Delay | G54: Yes | H54: 3.7 | I54: 4 | J54: 6 | K54: {=_xlfn.IFS(TicketsTable[[#This Row],[CSAT_Score (1-5)]]>=4,"Satisfied",TicketsTable[[#This Row],[CSAT_Score (1-5)]]>=1,"Unsatisfied",ISBLANK(TicketsTable[[#This Row],[CSAT_Score (1-5)]]),"X")} -> Satisfied | L54: {=IFERROR(_xlfn.IFS(OR(TicketsTable[[#This Row],[CES_Score (1-7)]]=1,TicketsTable[[#This Row],[CES_Score (1-7)]]=2,TicketsTable[[#This Row],[CES_Score (1-7)]]=3),"High Effort",OR(TicketsTable[[#This Row],[CES_Score (1-7)]]=6,TicketsTable[[#This Row],[CES_Score (1-7)]]=7),"Low Effort",OR(TicketsTable[[#This Row],[CES_Score (1-7)]]=4,TicketsTable[[#This Row],[CES_Score (1-7)]]=5),"Neutral"),"No Response")} -> Low Effort
A55: TCK-20554 | B55: 46048 | C55: CUST-1161 | D55: Email | E55: Nadia Petrov | F55: Billing Issue | G55: Yes | H55: 2.3 | I55: 5 | K55: {=_xlfn.IFS(TicketsTable[[#This Row],[CSAT_Score (1-5)]]>=4,"Satisfied",TicketsTable[[#This Row],[CSAT_Score (1-5)]]>=1,"Unsatisfied",ISBLANK(TicketsTable[[#This Row],[CSAT_Score (1-5)]]),"X")} -> Satisfied | L55: {=IFERROR(_xlfn.IFS(OR(TicketsTable[[#This Row],[CES_Score (1-7)]]=1,TicketsTable[[#This Row],[CES_Score (1-7)]]=2,TicketsTable[[#This Row],[CES_Score (1-7)]]=3),"High Effort",OR(TicketsTable[[#This Row],[CES_Score (1-7)]]=6,TicketsTable[[#This Row],[CES_Score (1-7)]]=7),"Low Effort",OR(TicketsTable[[#This Row],[CES_Score (1-7)]]=4,TicketsTable[[#This Row],[CES_Score (1-7)]]=5),"Neutral"),"No Response")} -> No Response
A56: TCK-20419 | B56: 46049 | C56: CUST-1060 | D56: Live Chat | E56: James Okafor | F56: Billing Issue | G56: Yes | H56: 3.5 | I56: 5 | J56: 5 | K56: {=_xlfn.IFS(TicketsTable[[#This Row],[CSAT_Score (1-5)]]>=4,"Satisfied",TicketsTable[[#This Row],[CSAT_Score (1-5)]]>=1,"Unsatisfied",ISBLANK(TicketsTable[[#This Row],[CSAT_Score (1-5)]]),"X")} -> Satisfied | L56: {=IFERROR(_xlfn.IFS(OR(TicketsTable[[#This Row],[CES_Score (1-7)]]=1,TicketsTable[[#This Row],[CES_Score (1-7)]]=2,TicketsTable[[#This Row],[CES_Score (1-7)]]=3),"High Effort",OR(TicketsTable[[#This Row],[CES_Score (1-7)]]=6,TicketsTable[[#This Row],[CES_Score (1-7)]]=7),"Low Effort",OR(TicketsTable[[#This Row],[CES_Score (1-7)]]=4,TicketsTable[[#This Row],[CES_Score (1-7)]]=5),"Neutral"),"No Response")} -> Neutral
A57: TCK-20510 | B57: 46049 | C57: CUST-1048 | D57: Live Chat | E57: Grace Kim | F57: Billing Issue | G57: Yes | H57: 1.8 | I57: 3 | J57: 5 | K57: {=_xlfn.IFS(TicketsTable[[#This Row],[CSAT_Score (1-5)]]>=4,"Satisfied",TicketsTable[[#This Row],[CSAT_Score (1-5)]]>=1,"Unsatisfied",ISBLANK(TicketsTable[[#This Row],[CSAT_Score (1-5)]]),"X")} -> Unsatisfied | L57: {=IFERROR(_xlfn.IFS(OR(TicketsTable[[#This Row],[CES_Score (1-7)]]=1,TicketsTable[[#This Row],[CES_Score (1-7)]]=2,TicketsTable[[#This Row],[CES_Score (1-7)]]=3),"High Effort",OR(TicketsTable[[#This Row],[CES_Score (1-7)]]=6,TicketsTable[[#This Row],[CES_Score (1-7)]]=7),"Low Effort",OR(TicketsTable[[#This Row],[CES_Score (1-7)]]=4,TicketsTable[[#This Row],[CES_Score (1-7)]]=5),"Neutral"),"No Response")} -> Neutral
A58: TCK-20694 | B58: 46049 | C58: CUST-1086 | D58: Live Chat | E58: Priya Nair | F58: Product Defect | G58: Yes | H58: 4.5 | J58: 6 | K58: {=_xlfn.IFS(TicketsTable[[#This Row],[CSAT_Score (1-5)]]>=4,"Satisfied",TicketsTable[[#This Row],[CSAT_Score (1-5)]]>=1,"Unsatisfied",ISBLANK(TicketsTable[[#This Row],[CSAT_Score (1-5)]]),"X")} -> X | L58: {=IFERROR(_xlfn.IFS(OR(TicketsTable[[#This Row],[CES_Score (1-7)]]=1,TicketsTable[[#This Row],[CES_Score (1-7)]]=2,TicketsTable[[#This Row],[CES_Score (1-7)]]=3),"High Effort",OR(TicketsTable[[#This Row],[CES_Score (1-7)]]=6,TicketsTable[[#This Row],[CES_Score (1-7)]]=7),"Low Effort",OR(TicketsTable[[#This Row],[CES_Score (1-7)]]=4,TicketsTable[[#This Row],[CES_Score (1-7)]]=5),"Neutral"),"No Response")} -> Low Effort
A59: TCK-20421 | B59: 46051 | C59: CUST-1252 | D59: Live Chat | E59: James Okafor | F59: Technical Support | G59: Yes | H59: 3.3 | I59: 5 | J59: 7 | K59: {=_xlfn.IFS(TicketsTable[[#This Row],[CSAT_Score (1-5)]]>=4,"Satisfied",TicketsTable[[#This Row],[CSAT_Score (1-5)]]>=1,"Unsatisfied",ISBLANK(TicketsTable[[#This Row],[CSAT_Score (1-5)]]),"X")} -> Satisfied | L59: {=IFERROR(_xlfn.IFS(OR(TicketsTable[[#This Row],[CES_Score (1-7)]]=1,TicketsTable[[#This Row],[CES_Score (1-7)]]=2,TicketsTable[[#This Row],[CES_Score (1-7)]]=3),"High Effort",OR(TicketsTable[[#This Row],[CES_Score (1-7)]]=6,TicketsTable[[#This Row],[CES_Score (1-7)]]=7),"Low Effort",OR(TicketsTable[[#This Row],[CES_Score (1-7)]]=4,TicketsTable[[#This Row],[CES_Score (1-7)]]=5),"Neutral"),"No Response")} -> Low Effort
A60: TCK-20326 | B60: 46052 | C60: CUST-1137 | D60: Phone | E60: Sofia Rossi | F60: Billing Issue | G60: Yes | H60: 3.4 | I60: 4 | J60: 6 | K60: {=_xlfn.IFS(TicketsTable[[#This Row],[CSAT_Score (1-5)]]>=4,"Satisfied",TicketsTable[[#This Row],[CSAT_Score (1-5)]]>=1,"Unsatisfied",ISBLANK(TicketsTable[[#This Row],[CSAT_Score (1-5)]]),"X")} -> Satisfied | L60: {=IFERROR(_xlfn.IFS(OR(TicketsTable[[#This Row],[CES_Score (1-7)]]=1,TicketsTable[[#This Row],[CES_Score (1-7)]]=2,TicketsTable[[#This Row],[CES_Score (1-7)]]=3),"High Effort",OR(TicketsTable[[#This Row],[CES_Score (1-7)]]=6,TicketsTable[[#This Row],[CES_Score (1-7)]]=7),"Low Effort",OR(TicketsTable[[#This Row],[CES_Score (1-7)]]=4,TicketsTable[[#This Row],[CES_Score (1-7)]]=5),"Neutral"),"No Response")} -> Low Effort
A61: TCK-20424 | B61: 46052 | C61: CUST-1205 | D61: Live Chat | E61: Grace Kim | F61: Product Defect | G61: Yes | H61: 3.8 | I61: 5 | J61: 4 | K61: {=_xlfn.IFS(TicketsTable[[#This Row],[CSAT_Score (1-5)]]>=4,"Satisfied",TicketsTable[[#This Row],[CSAT_Score (1-5)]]>=1,"Unsatisfied",ISBLANK(TicketsTable[[#This Row],[CSAT_Score (1-5)]]),"X")} -> Satisfied | L61: {=IFERROR(_xlfn.IFS(OR(TicketsTable[[#This Row],[CES_Score (1-7)]]=1,TicketsTable[[#This Row],[CES_Score (1-7)]]=2,TicketsTable[[#This Row],[CES_Score (1-7)]]=3),"High Effort",OR(TicketsTable[[#This Row],[CES_Score (1-7)]]=6,TicketsTable[[#This Row],[CES_Score (1-7)]]=7),"Low Effort",OR(TicketsTable[[#This Row],[CES_Score (1-7)]]=4,TicketsTable[[#This Row],[CES_Score (1-7)]]=5),"Neutral"),"No Response")} -> Neutral
A62: TCK-20586 | B62: 46052 | C62: CUST-1157 | D62: Phone | E62: Sofia Rossi | F62: Return/Refund | G62: Yes | H62: 0.5 | I62: 4 | J62: 5 | K62: {=_xlfn.IFS(TicketsTable[[#This Row],[CSAT_Score (1-5)]]>=4,"Satisfied",TicketsTable[[#This Row],[CSAT_Score (1-5)]]>=1,"Unsatisfied",ISBLANK(TicketsTable[[#This Row],[CSAT_Score (1-5)]]),"X")} -> Satisfied | L62: {=IFERROR(_xlfn.IFS(OR(TicketsTable[[#This Row],[CES_Score (1-7)]]=1,TicketsTable[[#This Row],[CES_Score (1-7)]]=2,TicketsTable[[#This Row],[CES_Score (1-7)]]=3),"High Effort",OR(TicketsTable[[#This Row],[CES_Score (1-7)]]=6,TicketsTable[[#This Row],[CES_Score (1-7)]]=7),"Low Effort",OR(TicketsTable[[#This Row],[CES_Score (1-7)]]=4,TicketsTable[[#This Row],[CES_Score (1-7)]]=5),"Neutral"),"No Response")} -> Neutral
A63: TCK-20736 | B63: 46052 | C63: CUST-1160 | D63: Live Chat | E63: Liu Wei | F63: Billing Issue | G63: No | H63: 23.1 | I63: 2 | J63: 2 | K63: {=_xlfn.IFS(TicketsTable[[#This Row],[CSAT_Score (1-5)]]>=4,"Satisfied",TicketsTable[[#This Row],[CSAT_Score (1-5)]]>=1,"Unsatisfied",ISBLANK(TicketsTable[[#This Row],[CSAT_Score (1-5)]]),"X")} -> Unsatisfied | L63: {=IFERROR(_xlfn.IFS(OR(TicketsTable[[#This Row],[CES_Score (1-7)]]=1,TicketsTable[[#This Row],[CES_Score (1-7)]]=2,TicketsTable[[#This Row],[CES_Score (1-7)]]=3),"High Effort",OR(TicketsTable[[#This Row],[CES_Score (1-7)]]=6,TicketsTable[[#This Row],[CES_Score (1-7)]]=7),"Low Effort",OR(TicketsTable[[#This Row],[CES_Score (1-7)]]=4,TicketsTable[[#This Row],[CES_Score (1-7)]]=5),"Neutral"),"No Response")} -> High Effort
A64: TCK-20361 | B64: 46053 | C64: CUST-1183 | D64: Social Media | E64: Priya Nair | F64: Billing Issue | G64: Yes | H64: 3.9 | J64: 5 | K64: {=_xlfn.IFS(TicketsTable[[#This Row],[CSAT_Score (1-5)]]>=4,"Satisfied",TicketsTable[[#This Row],[CSAT_Score (1-5)]]>=1,"Unsatisfied",ISBLANK(TicketsTable[[#This Row],[CSAT_Score (1-5)]]),"X")} -> X | L64: {=IFERROR(_xlfn.IFS(OR(TicketsTable[[#This Row],[CES_Score (1-7)]]=1,TicketsTable[[#This Row],[CES_Score (1-7)]]=2,TicketsTable[[#This Row],[CES_Score (1-7)]]=3),"High Effort",OR(TicketsTable[[#This Row],[CES_Score (1-7)]]=6,TicketsTable[[#This Row],[CES_Score (1-7)]]=7),"Low Effort",OR(TicketsTable[[#This Row],[CES_Score (1-7)]]=4,TicketsTable[[#This Row],[CES_Score (1-7)]]=5),"Neutral"),"No Response")} -> Neutral
A65: TCK-20479 | B65: 46053 | C65: CUST-1047 | D65: Email | E65: Liu Wei | F65: Technical Support | G65: Yes | H65: 0.1 | I65: 5 | J65: 5 | K65: {=_xlfn.IFS(TicketsTable[[#This Row],[CSAT_Score (1-5)]]>=4,"Satisfied",TicketsTable[[#This Row],[CSAT_Score (1-5)]]>=1,"Unsatisfied",ISBLANK(TicketsTable[[#This Row],[CSAT_Score (1-5)]]),"X")} -> Satisfied | L65: {=IFERROR(_xlfn.IFS(OR(TicketsTable[[#This Row],[CES_Score (1-7)]]=1,TicketsTable[[#This Row],[CES_Score (1-7)]]=2,TicketsTable[[#This Row],[CES_Score (1-7)]]=3),"High Effort",OR(TicketsTable[[#This Row],[CES_Score (1-7)]]=6,TicketsTable[[#This Row],[CES_Score (1-7)]]=7),"Low Effort",OR(TicketsTable[[#This Row],[CES_Score (1-7)]]=4,TicketsTable[[#This Row],[CES_Score (1-7)]]=5),"Neutral"),"No Response")} -> Neutral
A66: TCK-20543 | B66: 46053 | C66: CUST-1116 | D66: Phone | E66: Nadia Petrov | F66: Account Access | G66: Yes | H66: 2.9 | J66: 5 | K66: {=_xlfn.IFS(TicketsTable[[#This Row],[CSAT_Score (1-5)]]>=4,"Satisfied",TicketsTable[[#This Row],[CSAT_Score (1-5)]]>=1,"Unsatisfied",ISBLANK(TicketsTable[[#This Row],[CSAT_Score (1-5)]]),"X")} -> X | L66: {=IFERROR(_xlfn.IFS(OR(TicketsTable[[#This Row],[CES_Score (1-7)]]=1,TicketsTable[[#This Row],[CES_Score (1-7)]]=2,TicketsTable[[#This Row],[CES_Score (1-7)]]=3),"High Effort",OR(TicketsTable[[#This Row],[CES_Score (1-7)]]=6,TicketsTable[[#This Row],[CES_Score (1-7)]]=7),"Low Effort",OR(TicketsTable[[#This Row],[CES_Score (1-7)]]=4,TicketsTable[[#This Row],[CES_Score (1-7)]]=5),"Neutral"),"No Response")} -> Neutral
A67: TCK-20350 | B67: 46055 | C67: CUST-1137 | D67: Phone | E67: James Okafor | F67: Technical Support | G67: Yes | H67: 3.7 | I67: 3 | J67: 6 | K67: {=_xlfn.IFS(TicketsTable[[#This Row],[CSAT_Score (1-5)]]>=4,"Satisfied",TicketsTable[[#This Row],[CSAT_Score (1-5)]]>=1,"Unsatisfied",ISBLANK(TicketsTable[[#This Row],[CSAT_Score (1-5)]]),"X")} -> Unsatisfied | L67: {=IFERROR(_xlfn.IFS(OR(TicketsTable[[#This Row],[CES_Score (1-7)]]=1,TicketsTable[[#This Row],[CES_Score (1-7)]]=2,TicketsTable[[#This Row],[CES_Score (1-7)]]=3),"High Effort",OR(TicketsTable[[#This Row],[CES_Score (1-7)]]=6,TicketsTable[[#This Row],[CES_Score (1-7)]]=7),"Low Effort",OR(TicketsTable[[#This Row],[CES_Score (1-7)]]=4,TicketsTable[[#This Row],[CES_Score (1-7)]]=5),"Neutral"),"No Response")} -> Low Effort
A68: TCK-20407 | B68: 46055 | C68: CUST-1132 | D68: Phone | E68: Daniel Ortiz | F68: Technical Support | G68: Yes | H68: 3.1 | I68: 3 | J68: 6 | K68: {=_xlfn.IFS(TicketsTable[[#This Row],[CSAT_Score (1-5)]]>=4,"Satisfied",TicketsTable[[#This Row],[CSAT_Score (1-5)]]>=1,"Unsatisfied",ISBLANK(TicketsTable[[#This Row],[CSAT_Score (1-5)]]),"X")} -> Unsatisfied | L68: {=IFERROR(_xlfn.IFS(OR(TicketsTable[[#This Row],[CES_Score (1-7)]]=1,TicketsTable[[#This Row],[CES_Score (1-7)]]=2,TicketsTable[[#This Row],[CES_Score (1-7)]]=3),"High Effort",OR(TicketsTable[[#This Row],[CES_Score (1-7)]]=6,TicketsTable[[#This Row],[CES_Score (1-7)]]=7),"Low Effort",OR(TicketsTable[[#This Row],[CES_Score (1-7)]]=4,TicketsTable[[#This Row],[CES_Score (1-7)]]=5),"Neutral"),"No Response")} -> Low Effort
A69: TCK-20598 | B69: 46055 | C69: CUST-1052 | D69: Live Chat | E69: James Okafor | F69: Product Defect | G69: Yes | H69: 3.6 | I69: 4 | J69: 6 | K69: {=_xlfn.IFS(TicketsTable[[#This Row],[CSAT_Score (1-5)]]>=4,"Satisfied",TicketsTable[[#This Row],[CSAT_Score (1-5)]]>=1,"Unsatisfied",ISBLANK(TicketsTable[[#This Row],[CSAT_Score (1-5)]]),"X")} -> Satisfied | L69: {=IFERROR(_xlfn.IFS(OR(TicketsTable[[#This Row],[CES_Score (1-7)]]=1,TicketsTable[[#This Row],[CES_Score (1-7)]]=2,TicketsTable[[#This Row],[CES_Score (1-7)]]=3),"High Effort",OR(TicketsTable[[#This Row],[CES_Score (1-7)]]=6,TicketsTable[[#This Row],[CES_Score (1-7)]]=7),"Low Effort",OR(TicketsTable[[#This Row],[CES_Score (1-7)]]=4,TicketsTable[[#This Row],[CES_Score (1-7)]]=5),"Neutral"),"No Response")} -> Low Effort
A70: TCK-20416 | B70: 46056 | C70: CUST-1108 | D70: Phone | E70: Nadia Petrov | F70: Billing Issue | G70: Yes | H70: 3.2 | I70: 4 | J70: 6 | K70: {=_xlfn.IFS(TicketsTable[[#This Row],[CSAT_Score (1-5)]]>=4,"Satisfied",TicketsTable[[#This Row],[CSAT_Score (1-5)]]>=1,"Unsatisfied",ISBLANK(TicketsTable[[#This Row],[CSAT_Score (1-5)]]),"X")} -> Satisfied | L70: {=IFERROR(_xlfn.IFS(OR(TicketsTable[[#This Row],[CES_Score (1-7)]]=1,TicketsTable[[#This Row],[CES_Score (1-7)]]=2,TicketsTable[[#This Row],[CES_Score (1-7)]]=3),"High Effort",OR(TicketsTable[[#This Row],[CES_Score (1-7)]]=6,TicketsTable[[#This Row],[CES_Score (1-7)]]=7),"Low Effort",OR(TicketsTable[[#This Row],[CES_Score (1-7)]]=4,TicketsTable[[#This Row],[CES_Score (1-7)]]=5),"Neutral"),"No Response")} -> Low Effort
A71: TCK-20589 | B71: 46056 | C71: CUST-1105 | D71: Phone | E71: Grace Kim | F71: Product Defect | G71: No | H71: 11.9 | I71: 1 | J71: 4 | K71: {=_xlfn.IFS(TicketsTable[[#This Row],[CSAT_Score (1-5)]]>=4,"Satisfied",TicketsTable[[#This Row],[CSAT_Score (1-5)]]>=1,"Unsatisfied",ISBLANK(TicketsTable[[#This Row],[CSAT_Score (1-5)]]),"X")} -> Unsatisfied | L71: {=IFERROR(_xlfn.IFS(OR(TicketsTable[[#This Row],[CES_Score (1-7)]]=1,TicketsTable[[#This Row],[CES_Score (1-7)]]=2,TicketsTable[[#This Row],[CES_Score (1-7)]]=3),"High Effort",OR(TicketsTable[[#This Row],[CES_Score (1-7)]]=6,TicketsTable[[#This Row],[CES_Score (1-7)]]=7),"Low Effort",OR(TicketsTable[[#This Row],[CES_Score (1-7)]]=4,TicketsTable[[#This Row],[CES_Score (1-7)]]=5),"Neutral"),"No Response")} -> Neutral
A72: TCK-20685 | B72: 46056 | C72: CUST-1040 | D72: Email | E72: James Okafor | F72: Order Delay | G72: No | H72: 55.5 | K72: {=_xlfn.IFS(TicketsTable[[#This Row],[CSAT_Score (1-5)]]>=4,"Satisfied",TicketsTable[[#This Row],[CSAT_Score (1-5)]]>=1,"Unsatisfied",ISBLANK(TicketsTable[[#This Row],[CSAT_Score (1-5)]]),"X")} -> X | L72: {=IFERROR(_xlfn.IFS(OR(TicketsTable[[#This Row],[CES_Score (1-7)]]=1,TicketsTable[[#This Row],[CES_Score (1-7)]]=2,TicketsTable[[#This Row],[CES_Score (1-7)]]=3),"High Effort",OR(TicketsTable[[#This Row],[CES_Score (1-7)]]=6,TicketsTable[[#This Row],[CES_Score (1-7)]]=7),"Low Effort",OR(TicketsTable[[#This Row],[CES_Score (1-7)]]=4,TicketsTable[[#This Row],[CES_Score (1-7)]]=5),"Neutral"),"No Response")} -> No Response
A73: TCK-20436 | B73: 46057 | C73: CUST-1255 | D73: Live Chat | E73: Maria Santos | F73: Return/Refund | G73: Yes | H73: 2.7 | I73: 5 | J73: 6 | K73: {=_xlfn.IFS(TicketsTable[[#This Row],[CSAT_Score (1-5)]]>=4,"Satisfied",TicketsTable[[#This Row],[CSAT_Score (1-5)]]>=1,"Unsatisfied",ISBLANK(TicketsTable[[#This Row],[CSAT_Score (1-5)]]),"X")} -> Satisfied | L73: {=IFERROR(_xlfn.IFS(OR(TicketsTable[[#This Row],[CES_Score (1-7)]]=1,TicketsTable[[#This Row],[CES_Score (1-7)]]=2,TicketsTable[[#This Row],[CES_Score (1-7)]]=3),"High Effort",OR(TicketsTable[[#This Row],[CES_Score (1-7)]]=6,TicketsTable[[#This Row],[CES_Score (1-7)]]=7),"Low Effort",OR(TicketsTable[[#This Row],[CES_Score (1-7)]]=4,TicketsTable[[#This Row],[CES_Score (1-7)]]=5),"Neutral"),"No Response")} -> Low Effort
A74: TCK-20481 | B74: 46057 | C74: CUST-1130 | D74: Email | E74: Priya Nair | F74: Technical Support | G74: Yes | H74: 2.7 | I74: 4 | K74: {=_xlfn.IFS(TicketsTable[[#This Row],[CSAT_Score (1-5)]]>=4,"Satisfied",TicketsTable[[#This Row],[CSAT_Score (1-5)]]>=1,"Unsatisfied",ISBLANK(TicketsTable[[#This Row],[CSAT_Score (1-5)]]),"X")} -> Satisfied | L74: {=IFERROR(_xlfn.IFS(OR(TicketsTable[[#This Row],[CES_Score (1-7)]]=1,TicketsTable[[#This Row],[CES_Score (1-7)]]=2,TicketsTable[[#This Row],[CES_Score (1-7)]]=3),"High Effort",OR(TicketsTable[[#This Row],[CES_Score (1-7)]]=6,TicketsTable[[#This Row],[CES_Score (1-7)]]=7),"Low Effort",OR(TicketsTable[[#This Row],[CES_Score (1-7)]]=4,TicketsTable[[#This Row],[CES_Score (1-7)]]=5),"Neutral"),"No Response")} -> No Response
A75: TCK-20639 | B75: 46057 | C75: CUST-1051 | D75: Phone | E75: Nadia Petrov | F75: Product Defect | G75: Yes | H75: 4 | K75: {=_xlfn.IFS(TicketsTable[[#This Row],[CSAT_Score (1-5)]]>=4,"Satisfied",TicketsTable[[#This Row],[CSAT_Score (1-5)]]>=1,"Unsatisfied",ISBLANK(TicketsTable[[#This Row],[CSAT_Score (1-5)]]),"X")} -> X | L75: {=IFERROR(_xlfn.IFS(OR(TicketsTable[[#This Row],[CES_Score (1-7)]]=1,TicketsTable[[#This Row],[CES_Score (1-7)]]=2,TicketsTable[[#This Row],[CES_Score (1-7)]]=3),"High Effort",OR(TicketsTable[[#This Row],[CES_Score (1-7)]]=6,TicketsTable[[#This Row],[CES_Score (1-7)]]=7),"Low Effort",OR(TicketsTable[[#This Row],[CES_Score (1-7)]]=4,TicketsTable[[#This Row],[CES_Score (1-7)]]=5),"Neutral"),"No Response")} -> No Response
A76: TCK-20714 | B76: 46057 | C76: CUST-1014 | D76: Live Chat | E76: Tom Becker | F76: Return/Refund | G76: Yes | H76: 3.9 | I76: 4 | K76: {=_xlfn.IFS(TicketsTable[[#This Row],[CSAT_Score (1-5)]]>=4,"Satisfied",TicketsTable[[#This Row],[CSAT_Score (1-5)]]>=1,"Unsatisfied",ISBLANK(TicketsTable[[#This Row],[CSAT_Score (1-5)]]),"X")} -> Satisfied | L76: {=IFERROR(_xlfn.IFS(OR(TicketsTable[[#This Row],[CES_Score (1-7)]]=1,TicketsTable[[#This Row],[CES_Score (1-7)]]=2,TicketsTable[[#This Row],[CES_Score (1-7)]]=3),"High Effort",OR(TicketsTable[[#This Row],[CES_Score (1-7)]]=6,TicketsTable[[#This Row],[CES_Score (1-7)]]=7),"Low Effort",OR(TicketsTable[[#This Row],[CES_Score (1-7)]]=4,TicketsTable[[#This Row],[CES_Score (1-7)]]=5),"Neutral"),"No Response")} -> No Response
A77: TCK-20323 | B77: 46058 | C77: CUST-1095 | D77: Live Chat | E77: Grace Kim | F77: Return/Refund | G77: No | H77: 68.7 | I77: 1 | J77: 2 | K77: {=_xlfn.IFS(TicketsTable[[#This Row],[CSAT_Score (1-5)]]>=4,"Satisfied",TicketsTable[[#This Row],[CSAT_Score (1-5)]]>=1,"Unsatisfied",ISBLANK(TicketsTable[[#This Row],[CSAT_Score (1-5)]]),"X")} -> Unsatisfied | L77: {=IFERROR(_xlfn.IFS(OR(TicketsTable[[#This Row],[CES_Score (1-7)]]=1,TicketsTable[[#This Row],[CES_Score (1-7)]]=2,TicketsTable[[#This Row],[CES_Score (1-7)]]=3),"High Effort",OR(TicketsTable[[#This Row],[CES_Score (1-7)]]=6,TicketsTable[[#This Row],[CES_Score (1-7)]]=7),"Low Effort",OR(TicketsTable[[#This Row],[CES_Score (1-7)]]=4,TicketsTable[[#This Row],[CES_Score (1-7)]]=5),"Neutral"),"No Response")} -> High Effort
A78: TCK-20716 | B78: 46058 | C78: CUST-1120 | D78: Live Chat | E78: Daniel Ortiz | F78: Account Access | G78: Yes | H78: 3.7 | I78: 5 | J78: 7 | K78: {=_xlfn.IFS(TicketsTable[[#This Row],[CSAT_Score (1-5)]]>=4,"Satisfied",TicketsTable[[#This Row],[CSAT_Score (1-5)]]>=1,"Unsatisfied",ISBLANK(TicketsTable[[#This Row],[CSAT_Score (1-5)]]),"X")} -> Satisfied | L78: {=IFERROR(_xlfn.IFS(OR(TicketsTable[[#This Row],[CES_Score (1-7)]]=1,TicketsTable[[#This Row],[CES_Score (1-7)]]=2,TicketsTable[[#This Row],[CES_Score (1-7)]]=3),"High Effort",OR(TicketsTable[[#This Row],[CES_Score (1-7)]]=6,TicketsTable[[#This Row],[CES_Score (1-7)]]=7),"Low Effort",OR(TicketsTable[[#This Row],[CES_Score (1-7)]]=4,TicketsTable[[#This Row],[CES_Score (1-7)]]=5),"Neutral"),"No Response")} -> Low Effort
A79: TCK-20378 | B79: 46059 | C79: CUST-1169 | D79: Phone | E79: Priya Nair | F79: Product Defect | G79: Yes | H79: 2.9 | I79: 5 | J79: 6 | K79: {=_xlfn.IFS(TicketsTable[[#This Row],[CSAT_Score (1-5)]]>=4,"Satisfied",TicketsTable[[#This Row],[CSAT_Score (1-5)]]>=1,"Unsatisfied",ISBLANK(TicketsTable[[#This Row],[CSAT_Score (1-5)]]),"X")} -> Satisfied | L79: {=IFERROR(_xlfn.IFS(OR(TicketsTable[[#This Row],[CES_Score (1-7)]]=1,TicketsTable[[#This Row],[CES_Score (1-7)]]=2,TicketsTable[[#This Row],[CES_Score (1-7)]]=3),"High Effort",OR(TicketsTable[[#This Row],[CES_Score (1-7)]]=6,TicketsTable[[#This Row],[CES_Score (1-7)]]=7),"Low Effort",OR(TicketsTable[[#This Row],[CES_Score (1-7)]]=4,TicketsTable[[#This Row],[CES_Score (1-7)]]=5),"Neutral"),"No Response")} -> Low Effort
A80: TCK-20458 | B80: 46059 | C80: CUST-1152 | D80: Email | E80: Sofia Rossi | F80: Account Access | G80: Yes | H80: 3.9 | K80: {=_xlfn.IFS(TicketsTable[[#This Row],[CSAT_Score (1-5)]]>=4,"Satisfied",TicketsTable[[#This Row],[CSAT_Score (1-5)]]>=1,"Unsatisfied",ISBLANK(TicketsTable[[#This Row],[CSAT_Score (1-5)]]),"X")} -> X | L80: {=IFERROR(_xlfn.IFS(OR(TicketsTable[[#This Row],[CES_Score (1-7)]]=1,TicketsTable[[#This Row],[CES_Score (1-7)]]=2,TicketsTable[[#This Row],[CES_Score (1-7)]]=3),"High Effort",OR(TicketsTable[[#This Row],[CES_Score (1-7)]]=6,TicketsTable[[#This Row],[CES_Score (1-7)]]=7),"Low Effort",OR(TicketsTable[[#This Row],[CES_Score (1-7)]]=4,TicketsTable[[#This Row],[CES_Score (1-7)]]=5),"Neutral"),"No Response")} -> No Response
A81: TCK-20667 | B81: 46060 | C81: CUST-1234 | D81: Social Media | E81: Liu Wei | F81: Order Delay | G81: No | H81: 70.3 | I81: 3 | J81: 2 | K81: {=_xlfn.IFS(TicketsTable[[#This Row],[CSAT_Score (1-5)]]>=4,"Satisfied",TicketsTable[[#This Row],[CSAT_Score (1-5)]]>=1,"Unsatisfied",ISBLANK(TicketsTable[[#This Row],[CSAT_Score (1-5)]]),"X")} -> Unsatisfied | L81: {=IFERROR(_xlfn.IFS(OR(TicketsTable[[#This Row],[CES_Score (1-7)]]=1,TicketsTable[[#This Row],[CES_Score (1-7)]]=2,TicketsTable[[#This Row],[CES_Score (1-7)]]=3),"High Effort",OR(TicketsTable[[#This Row],[CES_Score (1-7)]]=6,TicketsTable[[#This Row],[CES_Score (1-7)]]=7),"Low Effort",OR(TicketsTable[[#This Row],[CES_Score (1-7)]]=4,TicketsTable[[#This Row],[CES_Score (1-7)]]=5),"Neutral"),"No Response")} -> High Effort
A82: TCK-20367 | B82: 46061 | C82: CUST-1017 | D82: Email | E82: Nadia Petrov | F82: Product Defect | G82: Yes | H82: 1.9 | I82: 3 | J82: 4 | K82: {=_xlfn.IFS(TicketsTable[[#This Row],[CSAT_Score (1-5)]]>=4,"Satisfied",TicketsTable[[#This Row],[CSAT_Score (1-5)]]>=1,"Unsatisfied",ISBLANK(TicketsTable[[#This Row],[CSAT_Score (1-5)]]),"X")} -> Unsatisfied | L82: {=IFERROR(_xlfn.IFS(OR(TicketsTable[[#This Row],[CES_Score (1-7)]]=1,TicketsTable[[#This Row],[CES_Score (1-7)]]=2,TicketsTable[[#This Row],[CES_Score (1-7)]]=3),"High Effort",OR(TicketsTable[[#This Row],[CES_Score (1-7)]]=6,TicketsTable[[#This Row],[CES_Score (1-7)]]=7),"Low Effort",OR(TicketsTable[[#This Row],[CES_Score (1-7)]]=4,TicketsTable[[#This Row],[CES_Score (1-7)]]=5),"Neutral"),"No Response")} -> Neutral
A83: TCK-20643 | B83: 46061 | C83: CUST-1242 | D83: Email | E83: Liu Wei | F83: Return/Refund | G83: Yes | H83: 2.9 | I83: 4 | J83: 7 | K83: {=_xlfn.IFS(TicketsTable[[#This Row],[CSAT_Score (1-5)]]>=4,"Satisfied",TicketsTable[[#This Row],[CSAT_Score (1-5)]]>=1,"Unsatisfied",ISBLANK(TicketsTable[[#This Row],[CSAT_Score (1-5)]]),"X")} -> Satisfied | L83: {=IFERROR(_xlfn.IFS(OR(TicketsTable[[#This Row],[CES_Score (1-7)]]=1,TicketsTable[[#This Row],[CES_Score (1-7)]]=2,TicketsTable[[#This Row],[CES_Score (1-7)]]=3),"High Effort",OR(TicketsTable[[#This Row],[CES_Score (1-7)]]=6,TicketsTable[[#This Row],[CES_Score (1-7)]]=7),"Low Effort",OR(TicketsTable[[#This Row],[CES_Score (1-7)]]=4,TicketsTable[[#This Row],[CES_Score (1-7)]]=5),"Neutral"),"No Response")} -> Low Effort
A84: TCK-20661 | B84: 46061 | C84: CUST-1104 | D84: Email | E84: Maria Santos | F84: Product Defect | G84: No | H84: 40.8 | J84: 2 | K84: {=_xlfn.IFS(TicketsTable[[#This Row],[CSAT_Score (1-5)]]>=4,"Satisfied",TicketsTable[[#This Row],[CSAT_Score (1-5)]]>=1,"Unsatisfied",ISBLANK(TicketsTable[[#This Row],[CSAT_Score (1-5)]]),"X")} -> X | L84: {=IFERROR(_xlfn.IFS(OR(TicketsTable[[#This Row],[CES_Score (1-7)]]=1,TicketsTable[[#This Row],[CES_Score (1-7)]]=2,TicketsTable[[#This Row],[CES_Score (1-7)]]=3),"High Effort",OR(TicketsTable[[#This Row],[CES_Score (1-7)]]=6,TicketsTable[[#This Row],[CES_Score (1-7)]]=7),"Low Effort",OR(TicketsTable[[#This Row],[CES_Score (1-7)]]=4,TicketsTable[[#This Row],[CES_Score (1-7)]]=5),"Neutral"),"No Response")} -> High Effort
A85: TCK-20454 | B85: 46062 | C85: CUST-1012 | D85: Email | E85: Sofia Rossi | F85: Order Delay | G85: Yes | H85: 0.9 | I85: 3 | J85: 7 | K85: {=_xlfn.IFS(TicketsTable[[#This Row],[CSAT_Score (1-5)]]>=4,"Satisfied",TicketsTable[[#This Row],[CSAT_Score (1-5)]]>=1,"Unsatisfied",ISBLANK(TicketsTable[[#This Row],[CSAT_Score (1-5)]]),"X")} -> Unsatisfied | L85: {=IFERROR(_xlfn.IFS(OR(TicketsTable[[#This Row],[CES_Score (1-7)]]=1,TicketsTable[[#This Row],[CES_Score (1-7)]]=2,TicketsTable[[#This Row],[CES_Score (1-7)]]=3),"High Effort",OR(TicketsTable[[#This Row],[CES_Score (1-7)]]=6,TicketsTable[[#This Row],[CES_Score (1-7)]]=7),"Low Effort",OR(TicketsTable[[#This Row],[CES_Score (1-7)]]=4,TicketsTable[[#This Row],[CES_Score (1-7)]]=5),"Neutral"),"No Response")} -> Low Effort
A86: TCK-20607 | B86: 46062 | C86: CUST-1147 | D86: Social Media | E86: Liu Wei | F86: Order Delay | G86: Yes | H86: 0.2 | I86: 4 | J86: 7 | K86: {=_xlfn.IFS(TicketsTable[[#This Row],[CSAT_Score (1-5)]]>=4,"Satisfied",TicketsTable[[#This Row],[CSAT_Score (1-5)]]>=1,"Unsatisfied",ISBLANK(TicketsTable[[#This Row],[CSAT_Score (1-5)]]),"X")} -> Satisfied | L86: {=IFERROR(_xlfn.IFS(OR(TicketsTable[[#This Row],[CES_Score (1-7)]]=1,TicketsTable[[#This Row],[CES_Score (1-7)]]=2,TicketsTable[[#This Row],[CES_Score (1-7)]]=3),"High Effort",OR(TicketsTable[[#This Row],[CES_Score (1-7)]]=6,TicketsTable[[#This Row],[CES_Score (1-7)]]=7),"Low Effort",OR(TicketsTable[[#This Row],[CES_Score (1-7)]]=4,TicketsTable[[#This Row],[CES_Score (1-7)]]=5),"Neutral"),"No Response")} -> Low Effort
A87: TCK-20676 | B87: 46062 | C87: CUST-1134 | D87: Live Chat | E87: Grace Kim | F87: Order Delay | G87: Yes | H87: 1.4 | J87: 6 | K87: {=_xlfn.IFS(TicketsTable[[#This Row],[CSAT_Score (1-5)]]>=4,"Satisfied",TicketsTable[[#This Row],[CSAT_Score (1-5)]]>=1,"Unsatisfied",ISBLANK(TicketsTable[[#This Row],[CSAT_Score (1-5)]]),"X")} -> X | L87: {=IFERROR(_xlfn.IFS(OR(TicketsTable[[#This Row],[CES_Score (1-7)]]=1,TicketsTable[[#This Row],[CES_Score (1-7)]]=2,TicketsTable[[#This Row],[CES_Score (1-7)]]=3),"High Effort",OR(TicketsTable[[#This Row],[CES_Score (1-7)]]=6,TicketsTable[[#This Row],[CES_Score (1-7)]]=7),"Low Effort",OR(TicketsTable[[#This Row],[CES_Score (1-7)]]=4,TicketsTable[[#This Row],[CES_Score (1-7)]]=5),"Neutral"),"No Response")} -> Low Effort
A88: TCK-20525 | B88: 46063 | C88: CUST-1255 | D88: Live Chat | E88: Nadia Petrov | F88: Product Defect | G88: No | H88: 55.7 | J88: 1 | K88: {=_xlfn.IFS(TicketsTable[[#This Row],[CSAT_Score (1-5)]]>=4,"Satisfied",TicketsTable[[#This Row],[CSAT_Score (1-5)]]>=1,"Unsatisfied",ISBLANK(TicketsTable[[#This Row],[CSAT_Score (1-5)]]),"X")} -> X | L88: {=IFERROR(_xlfn.IFS(OR(TicketsTable[[#This Row],[CES_Score (1-7)]]=1,TicketsTable[[#This Row],[CES_Score (1-7)]]=2,TicketsTable[[#This Row],[CES_Score (1-7)]]=3),"High Effort",OR(TicketsTable[[#This Row],[CES_Score (1-7)]]=6,TicketsTable[[#This Row],[CES_Score (1-7)]]=7),"Low Effort",OR(TicketsTable[[#This Row],[CES_Score (1-7)]]=4,TicketsTable[[#This Row],[CES_Score (1-7)]]=5),"Neutral"),"No Response")} -> High Effort
A89: TCK-20382 | B89: 46064 | C89: CUST-1038 | D89: Email | E89: James Okafor | F89: Product Defect | G89: No | H89: 64.7 | I89: 2 | J89: 3 | K89: {=_xlfn.IFS(TicketsTable[[#This Row],[CSAT_Score (1-5)]]>=4,"Satisfied",TicketsTable[[#This Row],[CSAT_Score (1-5)]]>=1,"Unsatisfied",ISBLANK(TicketsTable[[#This Row],[CSAT_Score (1-5)]]),"X")} -> Unsatisfied | L89: {=IFERROR(_xlfn.IFS(OR(TicketsTable[[#This Row],[CES_Score (1-7)]]=1,TicketsTable[[#This Row],[CES_Score (1-7)]]=2,TicketsTable[[#This Row],[CES_Score (1-7)]]=3),"High Effort",OR(TicketsTable[[#This Row],[CES_Score (1-7)]]=6,TicketsTable[[#This Row],[CES_Score (1-7)]]=7),"Low Effort",OR(TicketsTable[[#This Row],[CES_Score (1-7)]]=4,TicketsTable[[#This Row],[CES_Score (1-7)]]=5),"Neutral"),"No Response")} -> High Effort
A90: TCK-20420 | B90: 46064 | C90: CUST-1020 | D90: Email | E90: Priya Nair | F90: Return/Refund | G90: Yes | H90: 1.1 | K90: {=_xlfn.IFS(TicketsTable[[#This Row],[CSAT_Score (1-5)]]>=4,"Satisfied",TicketsTable[[#This Row],[CSAT_Score (1-5)]]>=1,"Unsatisfied",ISBLANK(TicketsTable[[#This Row],[CSAT_Score (1-5)]]),"X")} -> X | L90: {=IFERROR(_xlfn.IFS(OR(TicketsTable[[#This Row],[CES_Score (1-7)]]=1,TicketsTable[[#This Row],[CES_Score (1-7)]]=2,TicketsTable[[#This Row],[CES_Score (1-7)]]=3),"High Effort",OR(TicketsTable[[#This Row],[CES_Score (1-7)]]=6,TicketsTable[[#This Row],[CES_Score (1-7)]]=7),"Low Effort",OR(TicketsTable[[#This Row],[CES_Score (1-7)]]=4,TicketsTable[[#This Row],[CES_Score (1-7)]]=5),"Neutral"),"No Response")} -> No Response
A91: TCK-20442 | B91: 46064 | C91: CUST-1146 | D91: Email | E91: Liu Wei | F91: Technical Support | G91: No | H91: 24.1 | I91: 1 | J91: 1 | K91: {=_xlfn.IFS(TicketsTable[[#This Row],[CSAT_Score (1-5)]]>=4,"Satisfied",TicketsTable[[#This Row],[CSAT_Score (1-5)]]>=1,"Unsatisfied",ISBLANK(TicketsTable[[#This Row],[CSAT_Score (1-5)]]),"X")} -> Unsatisfied | L91: {=IFERROR(_xlfn.IFS(OR(TicketsTable[[#This Row],[CES_Score (1-7)]]=1,TicketsTable[[#This Row],[CES_Score (1-7)]]=2,TicketsTable[[#This Row],[CES_Score (1-7)]]=3),"High Effort",OR(TicketsTable[[#This Row],[CES_Score (1-7)]]=6,TicketsTable[[#This Row],[CES_Score (1-7)]]=7),"Low Effort",OR(TicketsTable[[#This Row],[CES_Score (1-7)]]=4,TicketsTable[[#This Row],[CES_Score (1-7)]]=5),"Neutral"),"No Response")} -> High Effort
A92: TCK-20460 | B92: 46064 | C92: CUST-1094 | D92: Live Chat | E92: Tom Becker | F92: Order Delay | G92: Yes | H92: 3.6 | I92: 5 | J92: 7 | K92: {=_xlfn.IFS(TicketsTable[[#This Row],[CSAT_Score (1-5)]]>=4,"Satisfied",TicketsTable[[#This Row],[CSAT_Score (1-5)]]>=1,"Unsatisfied",ISBLANK(TicketsTable[[#This Row],[CSAT_Score (1-5)]]),"X")} -> Satisfied | L92: {=IFERROR(_xlfn.IFS(OR(TicketsTable[[#This Row],[CES_Score (1-7)]]=1,TicketsTable[[#This Row],[CES_Score (1-7)]]=2,TicketsTable[[#This Row],[CES_Score (1-7)]]=3),"High Effort",OR(TicketsTable[[#This Row],[CES_Score (1-7)]]=6,TicketsTable[[#This Row],[CES_Score (1-7)]]=7),"Low Effort",OR(TicketsTable[[#This Row],[CES_Score (1-7)]]=4,TicketsTable[[#This Row],[CES_Score (1-7)]]=5),"Neutral"),"No Response")} -> Low Effort
A93: TCK-20570 | B93: 46064 | C93: CUST-1063 | D93: Live Chat | E93: Grace Kim | F93: Return/Refund | G93: Yes | H93: 3.2 | I93: 5 | J93: 5 | K93: {=_xlfn.IFS(TicketsTable[[#This Row],[CSAT_Score (1-5)]]>=4,"Satisfied",TicketsTable[[#This Row],[CSAT_Score (1-5)]]>=1,"Unsatisfied",ISBLANK(TicketsTable[[#This Row],[CSAT_Score (1-5)]]),"X")} -> Satisfied | L93: {=IFERROR(_xlfn.IFS(OR(TicketsTable[[#This Row],[CES_Score (1-7)]]=1,TicketsTable[[#This Row],[CES_Score (1-7)]]=2,TicketsTable[[#This Row],[CES_Score (1-7)]]=3),"High Effort",OR(TicketsTable[[#This Row],[CES_Score (1-7)]]=6,TicketsTable[[#This Row],[CES_Score (1-7)]]=7),"Low Effort",OR(TicketsTable[[#This Row],[CES_Score (1-7)]]=4,TicketsTable[[#This Row],[CES_Score (1-7)]]=5),"Neutral"),"No Response")} -> Neutral
A94: TCK-20682 | B94: 46064 | C94: CUST-1052 | D94: Live Chat | E94: Daniel Ortiz | F94: Product Defect | G94: Yes | H94: 4 | I94: 5 | J94: 6 | K94: {=_xlfn.IFS(TicketsTable[[#This Row],[CSAT_Score (1-5)]]>=4,"Satisfied",TicketsTable[[#This Row],[CSAT_Score (1-5)]]>=1,"Unsatisfied",ISBLANK(TicketsTable[[#This Row],[CSAT_Score (1-5)]]),"X")} -> Satisfied | L94: {=IFERROR(_xlfn.IFS(OR(TicketsTable[[#This Row],[CES_Score (1-7)]]=1,TicketsTable[[#This Row],[CES_Score (1-7)]]=2,TicketsTable[[#This Row],[CES_Score (1-7)]]=3),"High Effort",OR(TicketsTable[[#This Row],[CES_Score (1-7)]]=6,TicketsTable[[#This Row],[CES_Score (1-7)]]=7),"Low Effort",OR(TicketsTable[[#This Row],[CES_Score (1-7)]]=4,TicketsTable[[#This Row],[CES_Score (1-7)]]=5),"Neutral"),"No Response")} -> Low Effort
A95: TCK-20688 | B95: 46064 | C95: CUST-1256 | D95: Phone | E95: Nadia Petrov | F95: Product Defect | G95: Yes | H95: 0.5 | I95: 3 | K95: {=_xlfn.IFS(TicketsTable[[#This Row],[CSAT_Score (1-5)]]>=4,"Satisfied",TicketsTable[[#This Row],[CSAT_Score (1-5)]]>=1,"Unsatisfied",ISBLANK(TicketsTable[[#This Row],[CSAT_Score (1-5)]]),"X")} -> Unsatisfied | L95: {=IFERROR(_xlfn.IFS(OR(TicketsTable[[#This Row],[CES_Score (1-7)]]=1,TicketsTable[[#This Row],[CES_Score (1-7)]]=2,TicketsTable[[#This Row],[CES_Score (1-7)]]=3),"High Effort",OR(TicketsTable[[#This Row],[CES_Score (1-7)]]=6,TicketsTable[[#This Row],[CES_Score (1-7)]]=7),"Low Effort",OR(TicketsTable[[#This Row],[CES_Score (1-7)]]=4,TicketsTable[[#This Row],[CES_Score (1-7)]]=5),"Neutral"),"No Response")} -> No Response
A96: TCK-20313 | B96: 46065 | C96: CUST-1022 | D96: Email | E96: Ahmed Hassan | F96: Account Access | G96: Yes | H96: 3.6 | K96: {=_xlfn.IFS(TicketsTable[[#This Row],[CSAT_Score (1-5)]]>=4,"Satisfied",TicketsTable[[#This Row],[CSAT_Score (1-5)]]>=1,"Unsatisfied",ISBLANK(TicketsTable[[#This Row],[CSAT_Score (1-5)]]),"X")} -> X | L96: {=IFERROR(_xlfn.IFS(OR(TicketsTable[[#This Row],[CES_Score (1-7)]]=1,TicketsTable[[#This Row],[CES_Score (1-7)]]=2,TicketsTable[[#This Row],[CES_Score (1-7)]]=3),"High Effort",OR(TicketsTable[[#This Row],[CES_Score (1-7)]]=6,TicketsTable[[#This Row],[CES_Score (1-7)]]=7),"Low Effort",OR(TicketsTable[[#This Row],[CES_Score (1-7)]]=4,TicketsTable[[#This Row],[CES_Score (1-7)]]=5),"Neutral"),"No Response")} -> No Response
A97: TCK-20429 | B97: 46065 | C97: CUST-1038 | D97: Phone | E97: Sofia Rossi | F97: Product Defect | G97: No | H97: 7.4 | I97: 2 | J97: 1 | K97: {=_xlfn.IFS(TicketsTable[[#This Row],[CSAT_Score (1-5)]]>=4,"Satisfied",TicketsTable[[#This Row],[CSAT_Score (1-5)]]>=1,"Unsatisfied",ISBLANK(TicketsTable[[#This Row],[CSAT_Score (1-5)]]),"X")} -> Unsatisfied | L97: {=IFERROR(_xlfn.IFS(OR(TicketsTable[[#This Row],[CES_Score (1-7)]]=1,TicketsTable[[#This Row],[CES_Score (1-7)]]=2,TicketsTable[[#This Row],[CES_Score (1-7)]]=3),"High Effort",OR(TicketsTable[[#This Row],[CES_Score (1-7)]]=6,TicketsTable[[#This Row],[CES_Score (1-7)]]=7),"Low Effort",OR(TicketsTable[[#This Row],[CES_Score (1-7)]]=4,TicketsTable[[#This Row],[CES_Score (1-7)]]=5),"Neutral"),"No Response")} -> High Effort
A98: TCK-20434 | B98: 46065 | C98: CUST-1252 | D98: Live Chat | E98: Ahmed Hassan | F98: Order Delay | G98: Yes | H98: 0.9 | I98: 4 | J98: 6 | K98: {=_xlfn.IFS(TicketsTable[[#This Row],[CSAT_Score (1-5)]]>=4,"Satisfied",TicketsTable[[#This Row],[CSAT_Score (1-5)]]>=1,"Unsatisfied",ISBLANK(TicketsTable[[#This Row],[CSAT_Score (1-5)]]),"X")} -> Satisfied | L98: {=IFERROR(_xlfn.IFS(OR(TicketsTable[[#This Row],[CES_Score (1-7)]]=1,TicketsTable[[#This Row],[CES_Score (1-7)]]=2,TicketsTable[[#This Row],[CES_Score (1-7)]]=3),"High Effort",OR(TicketsTable[[#This Row],[CES_Score (1-7)]]=6,TicketsTable[[#This Row],[CES_Score (1-7)]]=7),"Low Effort",OR(TicketsTable[[#This Row],[CES_Score (1-7)]]=4,TicketsTable[[#This Row],[CES_Score (1-7)]]=5),"Neutral"),"No Response")} -> Low Effort
A99: TCK-20468 | B99: 46065 | C99: CUST-1071 | D99: Email | E99: Liu Wei | F99: Return/Refund | G99: Yes | H99: 3.9 | J99: 7 | K99: {=_xlfn.IFS(TicketsTable[[#This Row],[CSAT_Score (1-5)]]>=4,"Satisfied",TicketsTable[[#This Row],[CSAT_Score (1-5)]]>=1,"Unsatisfied",ISBLANK(TicketsTable[[#This Row],[CSAT_Score (1-5)]]),"X")} -> X | L99: {=IFERROR(_xlfn.IFS(OR(TicketsTable[[#This Row],[CES_Score (1-7)]]=1,TicketsTable[[#This Row],[CES_Score (1-7)]]=2,TicketsTable[[#This Row],[CES_Score (1-7)]]=3),"High Effort",OR(TicketsTable[[#This Row],[CES_Score (1-7)]]=6,TicketsTable[[#This Row],[CES_Score (1-7)]]=7),"Low Effort",OR(TicketsTable[[#This Row],[CES_Score (1-7)]]=4,TicketsTable[[#This Row],[CES_Score (1-7)]]=5),"Neutral"),"No Response")} -> Low Effort
A100: TCK-20477 | B100: 46065 | C100: CUST-1175 | D100: Social Media | E100: Nadia Petrov | F100: Return/Refund | G100: Yes | H100: 1.8 | K100: {=_xlfn.IFS(TicketsTable[[#This Row],[CSAT_Score (1-5)]]>=4,"Satisfied",TicketsTable[[#This Row],[CSAT_Score (1-5)]]>=1,"Unsatisfied",ISBLANK(TicketsTable[[#This Row],[CSAT_Score (1-5)]]),"X")} -> X | L100: {=IFERROR(_xlfn.IFS(OR(TicketsTable[[#This Row],[CES_Score (1-7)]]=1,TicketsTable[[#This Row],[CES_Score (1-7)]]=2,TicketsTable[[#This Row],[CES_Score (1-7)]]=3),"High Effort",OR(TicketsTable[[#This Row],[CES_Score (1-7)]]=6,TicketsTable[[#This Row],[CES_Score (1-7)]]=7),"Low Effort",OR(TicketsTable[[#This Row],[CES_Score (1-7)]]=4,TicketsTable[[#This Row],[CES_Score (1-7)]]=5),"Neutral"),"No Response")} -> No Response
...

Sheet KPI_Dashboard
B2: NovaTech Electronics — Customer Satisfaction KPI Dashboard
B3: All figures calculated from Support_Tickets, NPS_Survey, and Customer_Accounts
B5: Metric | C5: Jan-2026 | D5: Feb-2026 | E5: Mar-2026 | F5: Apr-2026 | G5: May-2026 | H5: Jun-2026 | I5: H1 2026 Total/Avg
B6: 1. CSAT — % Satisfied Responses (score 4-5) | C6: =ROUND(COUNTIFS(Support_Tickets!$B$2:$B$481,">="&DATE(2026,1,1),Support_Tickets!$B$2:$B$481,"<"&DATE(2026,1+1,1),Support_Tickets!$I$2:$I$481,">=4")/COUNTIFS(Support_Tickets!$B$2:$B$481,">="&DATE(2026,1,1),Support_Tickets!$B$2:$B$481,"<"&DATE(2026,1+1,1),Support_Tickets!$I$2:$I$481,"<>")*100,1) -> 55.8 | D6: =ROUND(COUNTIFS(Support_Tickets!$B$2:$B$481,">="&DATE(2026,2,1),Support_Tickets!$B$2:$B$481,"<"&DATE(2026,2+1,1),Support_Tickets!$I$2:$I$481,">=4")/COUNTIFS(Support_Tickets!$B$2:$B$481,">="&DATE(2026,2,1),Support_Tickets!$B$2:$B$481,"<"&DATE(2026,2+1,1),Support_Tickets!$I$2:$I$481,"<>")*100,1) -> 55 | E6: =ROUND(COUNTIFS(Support_Tickets!$B$2:$B$481,">="&DATE(2026,3,1),Support_Tickets!$B$2:$B$481,"<"&DATE(2026,3+1,1),Support_Tickets!$I$2:$I$481,">=4")/COUNTIFS(Support_Tickets!$B$2:$B$481,">="&DATE(2026,3,1),Support_Tickets!$B$2:$B$481,"<"&DATE(2026,3+1,1),Support_Tickets!$I$2:$I$481,"<>")*100,1) -> 64.5 | F6: =ROUND(COUNTIFS(Support_Tickets!$B$2:$B$481,">="&DATE(2026,4,1),Support_Tickets!$B$2:$B$481,"<"&DATE(2026,4+1,1),Support_Tickets!$I$2:$I$481,">=4")/COUNTIFS(Support_Tickets!$B$2:$B$481,">="&DATE(2026,4,1),Support_Tickets!$B$2:$B$481,"<"&DATE(2026,4+1,1),Support_Tickets!$I$2:$I$481,"<>")*100,1) -> 73.4 | G6: =ROUND(COUNTIFS(Support_Tickets!$B$2:$B$481,">="&DATE(2026,5,1),Support_Tickets!$B$2:$B$481,"<"&DATE(2026,5+1,1),Support_Tickets!$I$2:$I$481,">=4")/COUNTIFS(Support_Tickets!$B$2:$B$481,">="&DATE(2026,5,1),Support_Tickets!$B$2:$B$481,"<"&DATE(2026,5+1,1),Support_Tickets!$I$2:$I$481,"<>")*100,1) -> 65.3 | H6: =ROUND(COUNTIFS(Support_Tickets!$B$2:$B$481,">="&DATE(2026,6,1),Support_Tickets!$B$2:$B$481,"<"&DATE(2026,6+1,1),Support_Tickets!$I$2:$I$481,">=4")/COUNTIFS(Support_Tickets!$B$2:$B$481,">="&DATE(2026,6,1),Support_Tickets!$B$2:$B$481,"<"&DATE(2026,6+1,1),Support_Tickets!$I$2:$I$481,"<>")*100,1) -> 58 | I6: =ROUND(COUNTIFS(Support_Tickets!$B$2:$B$481,">="&DATE(2026,1,1),Support_Tickets!$B$2:$B$481,"<"&DATE(2026,7,1),Support_Tickets!$I$2:$I$481,">=4")/COUNTIFS(Support_Tickets!$B$2:$B$481,">="&DATE(2026,1,1),Support_Tickets!$B$2:$B$481,"<"&DATE(2026,7,1),Support_Tickets!$I$2:$I$481,"<>")*100,1) -> 62.4
B7: 2. NPS — % Promoters (9-10) minus % Detractors (0-6) | C7: =ROUND((COUNTIFS(NPS_Survey!$E$2:$E$291,"Q1 2026",NPS_Survey!$D$2:$D$291,">=9")-COUNTIFS(NPS_Survey!$E$2:$E$291,"Q1 2026",NPS_Survey!$D$2:$D$291,"<=6"))/COUNTIF(NPS_Survey!$E$2:$E$291,"Q1 2026")*100,1) -> 30 | D7: =ROUND((COUNTIFS(NPS_Survey!$E$2:$E$291,"Q1 2026",NPS_Survey!$D$2:$D$291,">=9")-COUNTIFS(NPS_Survey!$E$2:$E$291,"Q1 2026",NPS_Survey!$D$2:$D$291,"<=6"))/COUNTIF(NPS_Survey!$E$2:$E$291,"Q1 2026")*100,1) -> 30 | E7: =ROUND((COUNTIFS(NPS_Survey!$E$2:$E$291,"Q1 2026",NPS_Survey!$D$2:$D$291,">=9")-COUNTIFS(NPS_Survey!$E$2:$E$291,"Q1 2026",NPS_Survey!$D$2:$D$291,"<=6"))/COUNTIF(NPS_Survey!$E$2:$E$291,"Q1 2026")*100,1) -> 30 | F7: =ROUND((COUNTIFS(NPS_Survey!$E$2:$E$291,"Q2 2026",NPS_Survey!$D$2:$D$291,">=9")-COUNTIFS(NPS_Survey!$E$2:$E$291,"Q2 2026",NPS_Survey!$D$2:$D$291,"<=6"))/COUNTIF(NPS_Survey!$E$2:$E$291,"Q2 2026")*100,1) -> 17.3 | G7: =ROUND((COUNTIFS(NPS_Survey!$E$2:$E$291,"Q2 2026",NPS_Survey!$D$2:$D$291,">=9")-COUNTIFS(NPS_Survey!$E$2:$E$291,"Q2 2026",NPS_Survey!$D$2:$D$291,"<=6"))/COUNTIF(NPS_Survey!$E$2:$E$291,"Q2 2026")*100,1) -> 17.3 | H7: =ROUND((COUNTIFS(NPS_Survey!$E$2:$E$291,"Q2 2026",NPS_Survey!$D$2:$D$291,">=9")-COUNTIFS(NPS_Survey!$E$2:$E$291,"Q2 2026",NPS_Survey!$D$2:$D$291,"<=6"))/COUNTIF(NPS_Survey!$E$2:$E$291,"Q2 2026")*100,1) -> 17.3 | I7: =ROUND((COUNTIF(NPS_Survey!$D$2:$D$291,">=9")-COUNTIF(NPS_Survey!$D$2:$D$291,"<=6"))/COUNTA(NPS_Survey!$D$2:$D$291)*100,1) -> 23.4
B8: 3. CES — Avg Customer Effort Score (1=high effort, 7=low effort) | C8: =ROUND(AVERAGEIFS(Support_Tickets!$J$2:$J$481,Support_Tickets!$B$2:$B$481,">="&DATE(2026,1,1),Support_Tickets!$B$2:$B$481,"<"&DATE(2026,1+1,1),Support_Tickets!$J$2:$J$481,"<>"),2) -> 4.55 | D8: =ROUND(AVERAGEIFS(Support_Tickets!$J$2:$J$481,Support_Tickets!$B$2:$B$481,">="&DATE(2026,2,1),Support_Tickets!$B$2:$B$481,"<"&DATE(2026,2+1,1),Support_Tickets!$J$2:$J$481,"<>"),2) -> 4.58 | E8: =ROUND(AVERAGEIFS(Support_Tickets!$J$2:$J$481,Support_Tickets!$B$2:$B$481,">="&DATE(2026,3,1),Support_Tickets!$B$2:$B$481,"<"&DATE(2026,3+1,1),Support_Tickets!$J$2:$J$481,"<>"),2) -> 4.7 | F8: =ROUND(AVERAGEIFS(Support_Tickets!$J$2:$J$481,Support_Tickets!$B$2:$B$481,">="&DATE(2026,4,1),Support_Tickets!$B$2:$B$481,"<"&DATE(2026,4+1,1),Support_Tickets!$J$2:$J$481,"<>"),2) -> 4.9 | G8: =ROUND(AVERAGEIFS(Support_Tickets!$J$2:$J$481,Support_Tickets!$B$2:$B$481,">="&DATE(2026,5,1),Support_Tickets!$B$2:$B$481,"<"&DATE(2026,5+1,1),Support_Tickets!$J$2:$J$481,"<>"),2) -> 4.59 | H8: =ROUND(AVERAGEIFS(Support_Tickets!$J$2:$J$481,Support_Tickets!$B$2:$B$481,">="&DATE(2026,6,1),Support_Tickets!$B$2:$B$481,"<"&DATE(2026,6+1,1),Support_Tickets!$J$2:$J$481,"<>"),2) -> 4.7 | I8: =ROUND(AVERAGE(Support_Tickets!$J$2:$J$481),2) -> 4.67
B9: 4. FCR — % Tickets Resolved on First Contact | C9: =ROUND(COUNTIFS(Support_Tickets!$B$2:$B$481,">="&DATE(2026,1,1),Support_Tickets!$B$2:$B$481,"<"&DATE(2026,1+1,1),Support_Tickets!$G$2:$G$481,"Yes")/COUNTIFS(Support_Tickets!$B$2:$B$481,">="&DATE(2026,1,1),Support_Tickets!$B$2:$B$481,"<"&DATE(2026,1+1,1))*100,1) -> 72.3 | D9: =ROUND(COUNTIFS(Support_Tickets!$B$2:$B$481,">="&DATE(2026,2,1),Support_Tickets!$B$2:$B$481,"<"&DATE(2026,2+1,1),Support_Tickets!$G$2:$G$481,"Yes")/COUNTIFS(Support_Tickets!$B$2:$B$481,">="&DATE(2026,2,1),Support_Tickets!$B$2:$B$481,"<"&DATE(2026,2+1,1))*100,1) -> 67.5 | E9: =ROUND(COUNTIFS(Support_Tickets!$B$2:$B$481,">="&DATE(2026,3,1),Support_Tickets!$B$2:$B$481,"<"&DATE(2026,3+1,1),Support_Tickets!$G$2:$G$481,"Yes")/COUNTIFS(Support_Tickets!$B$2:$B$481,">="&DATE(2026,3,1),Support_Tickets!$B$2:$B$481,"<"&DATE(2026,3+1,1))*100,1) -> 70.5 | F9: =ROUND(COUNTIFS(Support_Tickets!$B$2:$B$481,">="&DATE(2026,4,1),Support_Tickets!$B$2:$B$481,"<"&DATE(2026,4+1,1),Support_Tickets!$G$2:$G$481,"Yes")/COUNTIFS(Support_Tickets!$B$2:$B$481,">="&DATE(2026,4,1),Support_Tickets!$B$2:$B$481,"<"&DATE(2026,4+1,1))*100,1) -> 80.3 | G9: =ROUND(COUNTIFS(Support_Tickets!$B$2:$B$481,">="&DATE(2026,5,1),Support_Tickets!$B$2:$B$481,"<"&DATE(2026,5+1,1),Support_Tickets!$G$2:$G$481,"Yes")/COUNTIFS(Support_Tickets!$B$2:$B$481,">="&DATE(2026,5,1),Support_Tickets!$B$2:$B$481,"<"&DATE(2026,5+1,1))*100,1) -> 77.5 | H9: =ROUND(COUNTIFS(Support_Tickets!$B$2:$B$481,">="&DATE(2026,6,1),Support_Tickets!$B$2:$B$481,"<"&DATE(2026,6+1,1),Support_Tickets!$G$2:$G$481,"Yes")/COUNTIFS(Support_Tickets!$B$2:$B$481,">="&DATE(2026,6,1),Support_Tickets!$B$2:$B$481,"<"&DATE(2026,6+1,1))*100,1) -> 71.8 | I9: =ROUND(COUNTIF(Support_Tickets!$G$2:$G$481,"Yes")/COUNTA(Support_Tickets!$G$2:$G$481)*100,1) -> 73.3
B10: 5. Churn Rate — % of Active Customers Lost in Month | C10: =ROUND(COUNTIFS(Customer_Accounts!$J$2:$J$261,">="&DATE(2026,1,1),Customer_Accounts!$J$2:$J$261,"<"&DATE(2026,1+1,1))/(COUNTIFS(Customer_Accounts!$C$2:$C$261,"<"&DATE(2026,1,1),Customer_Accounts!$J$2:$J$261,">="&DATE(2026,1,1))+COUNTIFS(Customer_Accounts!$C$2:$C$261,"<"&DATE(2026,1,1),Customer_Accounts!$J$2:$J$261,""))*100,2) -> 1.15 | D10: =ROUND(COUNTIFS(Customer_Accounts!$J$2:$J$261,">="&DATE(2026,2,1),Customer_Accounts!$J$2:$J$261,"<"&DATE(2026,2+1,1))/(COUNTIFS(Customer_Accounts!$C$2:$C$261,"<"&DATE(2026,2,1),Customer_Accounts!$J$2:$J$261,">="&DATE(2026,2,1))+COUNTIFS(Customer_Accounts!$C$2:$C$261,"<"&DATE(2026,2,1),Customer_Accounts!$J$2:$J$261,""))*100,2) -> 2.33 | E10: =ROUND(COUNTIFS(Customer_Accounts!$J$2:$J$261,">="&DATE(2026,3,1),Customer_Accounts!$J$2:$J$261,"<"&DATE(2026,3+1,1))/(COUNTIFS(Customer_Accounts!$C$2:$C$261,"<"&DATE(2026,3,1),Customer_Accounts!$J$2:$J$261,">="&DATE(2026,3,1))+COUNTIFS(Customer_Accounts!$C$2:$C$261,"<"&DATE(2026,3,1),Customer_Accounts!$J$2:$J$261,""))*100,2) -> 2.79 | F10: =ROUND(COUNTIFS(Customer_Accounts!$J$2:$J$261,">="&DATE(2026,4,1),Customer_Accounts!$J$2:$J$261,"<"&DATE(2026,4+1,1))/(COUNTIFS(Customer_Accounts!$C$2:$C$261,"<"&DATE(2026,4,1),Customer_Accounts!$J$2:$J$261,">="&DATE(2026,4,1))+COUNTIFS(Customer_Accounts!$C$2:$C$261,"<"&DATE(2026,4,1),Customer_Accounts!$J$2:$J$261,""))*100,2) -> 4.51 | G10: =ROUND(COUNTIFS(Customer_Accounts!$J$2:$J$261,">="&DATE(2026,5,1),Customer_Accounts!$J$2:$J$261,"<"&DATE(2026,5+1,1))/(COUNTIFS(Customer_Accounts!$C$2:$C$261,"<"&DATE(2026,5,1),Customer_Accounts!$J$2:$J$261,">="&DATE(2026,5,1))+COUNTIFS(Customer_Accounts!$C$2:$C$261,"<"&DATE(2026,5,1),Customer_Accounts!$J$2:$J$261,""))*100,2) -> 1.72 | H10: =ROUND(COUNTIFS(Customer_Accounts!$J$2:$J$261,">="&DATE(2026,6,1),Customer_Accounts!$J$2:$J$261,"<"&DATE(2026,6+1,1))/(COUNTIFS(Customer_Accounts!$C$2:$C$261,"<"&DATE(2026,6,1),Customer_Accounts!$J$2:$J$261,">="&DATE(2026,6,1))+COUNTIFS(Customer_Accounts!$C$2:$C$261,"<"&DATE(2026,6,1),Customer_Accounts!$J$2:$J$261,""))*100,2) -> 3.49 | I10: =ROUND(AVERAGE(C10:H10),2) -> 2.67
B11: 6. CLV — Avg Customer Lifetime Value ($, all active customers) | C11: — | D11: — | E11: — | F11: — | G11: — | H11: — | I11: =ROUND(AVERAGE(Customer_Accounts!$H$2:$H$261),2) -> 4060.32
B13: Note: CLV is calculated per customer as TotalPurchases x AvgOrderValue (Customer_Accounts column H), then averaged across all customers.
B15: CLV by Customer Segment
B16: Segment | C16: Avg CLV ($) | D16: # Customers
B17: Consumer | C17: =ROUND(AVERAGEIF(Customer_Accounts!$D$2:$D$261,"Consumer",Customer_Accounts!$H$2:$H$261),2) -> 1932.91 | D17: =COUNTIF(Customer_Accounts!$D$2:$D$261,"Consumer") -> 201
B18: Small Business | C18: =ROUND(AVERAGEIF(Customer_Accounts!$D$2:$D$261,"Small Business",Customer_Accounts!$H$2:$H$261),2) -> 11307.92 | D18: =COUNTIF(Customer_Accounts!$D$2:$D$261,"Small Business") -> 59

Sheet Student_Exercise
B2: NovaTech Electronics — Customer Satisfaction KPI Dashboard (Student Exercise)
B3: NovaTech Electronics — Customer Satisfaction KPI Dashboard (Student Exercise) - Fill in the yellow cells using formulas referencing Support_Tickets, NPS_Survey and Customer_Accounts. See the Instructions tab for the exact KPI formulas to use.
B5: Metric | C5: Jan-2026 | D5: Feb-2026 | E5: Mar-2026 | F5: Apr-2026 | G5: May-2026 | H5: Jun-2026 | I5: H1 2026 Total/Avg
B6: 1. CSAT — % Satisfied Responses (score 4-5) | C6: =ROUND((COUNTIFS(Support_Tickets!B:B,">="&DATE(2026,1,1),Support_Tickets!B:B,"<"&DATE(2026,2,1),Support_Tickets!I:I,">=4")/COUNTIFS(Support_Tickets!B:B,">="&DATE(2026,1,1),Support_Tickets!B:B,"<"&DATE(2026,2,1),Support_Tickets!I:I,"<>"))*100,2) -> 55.77 | D6: =ROUND((COUNTIFS(Support_Tickets!B:B,">="&DATE(2026,2,1),Support_Tickets!B:B,"<"&DATE(2026,3,1),Support_Tickets!I:I,">=4")/COUNTIFS(Support_Tickets!B:B,">="&DATE(2026,2,1),Support_Tickets!B:B,"<"&DATE(2026,3,1),Support_Tickets!I:I,"<>")*100),2) -> 55 | E6: =ROUND((COUNTIFS(Support_Tickets!B:B,">="&DATE(2026,3,1),Support_Tickets!B:B,"<"&DATE(2026,4,1),Support_Tickets!I:I,">=4")/COUNTIFS(Support_Tickets!B:B,">="&DATE(2026,3,1),Support_Tickets!B:B,"<"&DATE(2026,4,1),Support_Tickets!I:I,"<>")*100),2) -> 64.47 | F6: =ROUND((COUNTIFS(Support_Tickets!B:B,">="&DATE(2026,4,1),Support_Tickets!B:B,"<"&DATE(2026,5,1),Support_Tickets!I:I,">=4")/COUNTIFS(Support_Tickets!B:B,">="&DATE(2026,4,1),Support_Tickets!B:B,"<"&DATE(2026,5,1),Support_Tickets!I:I,"<>")*100),2) -> 73.44 | G6: =ROUND((COUNTIFS(Support_Tickets!B:B,">="&DATE(2026,5,1),Support_Tickets!B:B,"<"&DATE(2026,6,1),Support_Tickets!I:I,">=4")/COUNTIFS(Support_Tickets!B:B,">="&DATE(2026,5,1),Support_Tickets!B:B,"<"&DATE(2026,6,1),Support_Tickets!I:I,"<>")*100),2) -> 65.33 | H6: =ROUND((COUNTIFS(Support_Tickets!B:B,">="&DATE(2026,6,1),Support_Tickets!B:B,"<"&DATE(2026,7,1),Support_Tickets!I:I,">=4")/COUNTIFS(Support_Tickets!B:B,">="&DATE(2026,6,1),Support_Tickets!B:B,"<"&DATE(2026,7,1),Support_Tickets!I:I,"<>")*100),2) -> 57.97 | I6: =ROUND((COUNTIFS(Support_Tickets!B:B,">="&DATE(2026,1,1),Support_Tickets!B:B,"<"&DATE(2026,7,1),Support_Tickets!I:I,">=4")/COUNTIFS(Support_Tickets!B:B,">="&DATE(2026,1,1),Support_Tickets!B:B,"<"&DATE(2026,7,1),Support_Tickets!I:I,"<>")*100),2) -> 62.37
B7: 2. NPS — % Promoters (9-10) minus % Detractors (0-6) | C7: =ROUND((COUNTIFS(NPS_Survey!E:E,"Q1 2026",NPS_Survey!D:D,">=9")-COUNTIFS(NPS_Survey!E:E,"Q1 2026",NPS_Survey!D:D,"<=6"))/COUNTIFS(NPS_Survey!E:E,"Q1 2026",NPS_Survey!D:D,"<>")*100,1) -> 30 | D7: =ROUND((COUNTIFS(NPS_Survey!E:E,"Q1 2026",NPS_Survey!D:D,">=9")-COUNTIFS(NPS_Survey!E:E,"Q1 2026",NPS_Survey!D:D,"<=6"))/COUNTIFS(NPS_Survey!E:E,"Q1 2026",NPS_Survey!D:D,"<>")*100,1) -> 30 | E7: =ROUND((COUNTIFS(NPS_Survey!E:E,"Q1 2026",NPS_Survey!D:D,">=9")-COUNTIFS(NPS_Survey!E:E,"Q1 2026",NPS_Survey!D:D,"<=6"))/COUNTIFS(NPS_Survey!E:E,"Q1 2026",NPS_Survey!D:D,"<>")*100,1) -> 30 | F7: =ROUND((COUNTIFS(NPS_Survey!E:E,"Q2 2026",NPS_Survey!D:D,">=9")-COUNTIFS(NPS_Survey!E:E,"Q2 2026",NPS_Survey!D:D,"<=6"))/COUNTIFS(NPS_Survey!E:E,"Q2 2026",NPS_Survey!D:D,"<>")*100,1) -> 17.3 | G7: =ROUND((COUNTIFS(NPS_Survey!E:E,"Q2 2026",NPS_Survey!D:D,">=9")-COUNTIFS(NPS_Survey!E:E,"Q2 2026",NPS_Survey!D:D,"<=6"))/COUNTIFS(NPS_Survey!E:E,"Q2 2026",NPS_Survey!D:D,"<>")*100,1) -> 17.3 | H7: =ROUND((COUNTIFS(NPS_Survey!E:E,"Q2 2026",NPS_Survey!D:D,">=9")-COUNTIFS(NPS_Survey!E:E,"Q2 2026",NPS_Survey!D:D,"<=6"))/COUNTIFS(NPS_Survey!E:E,"Q2 2026",NPS_Survey!D:D,"<>")*100,1) -> 17.3 | I7: =ROUND((COUNTIF(NPS_Survey!D:D,">=9")-COUNTIF(NPS_Survey!D:D,"<=6"))/COUNT(NPS_Survey!D:D)*100,1) -> 23.4
B8: 3. CES — Avg Customer Effort Score (1=high effort, 7=low effort) | C8: =ROUND(AVERAGEIFS(Support_Tickets!J:J,Support_Tickets!B:B,">="&DATE(2026,1,1),Support_Tickets!B:B,"<"&DATE(2026,2,1)),2) -> 4.55 | D8: =ROUND(AVERAGEIFS(Support_Tickets!J:J,Support_Tickets!B:B,">="&DATE(2026,2,1),Support_Tickets!B:B,"<"&DATE(2026,3,1)),2) -> 4.58 | E8: =ROUND(AVERAGEIFS(Support_Tickets!J:J,Support_Tickets!B:B,">="&DATE(2026,3,1),Support_Tickets!B:B,"<"&DATE(2026,4,1)),2) -> 4.7 | F8: =ROUND(AVERAGEIFS(Support_Tickets!J:J,Support_Tickets!B:B,">="&DATE(2026,4,1),Support_Tickets!B:B,"<"&DATE(2026,5,1)),2) -> 4.9 | G8: =ROUND(AVERAGEIFS(Support_Tickets!J:J,Support_Tickets!B:B,">="&DATE(2026,5,1),Support_Tickets!B:B,"<"&DATE(2026,6,1)),2) -> 4.59 | H8: =ROUND(AVERAGEIFS(Support_Tickets!J:J,Support_Tickets!B:B,">="&DATE(2026,6,1),Support_Tickets!B:B,"<"&DATE(2026,7,1)),2) -> 4.7 | I8: =ROUND(AVERAGE(Support_Tickets!J:J),2) -> 4.67
B9: 4. FCR — % Tickets Resolved on First Contact
B10: 5. Churn Rate — % of Active Customers Lost in Month
B11: 6. CLV — Avg Customer Lifetime Value ($, all active customers) | C11: — | D11: — | E11: — | F11: — | G11: — | H11: —
B13: Note: CLV is calculated per customer as TotalPurchases x AvgOrderValue (Customer_Accounts column H), then averaged across all customers.
B15: CLV by Customer Segment
B16: Segment | C16: Avg CLV ($) | D16: # Customers
B17: Consumer
B18: Small Business
